<?xml version="1.0" encoding="utf-8"?>
<NPCCharacters>
  <!-- Desert Cult -->
  <NPCCharacter age="48" culture="Culture.aserai" default_group="Cavalry" id="cs_lord_desert_cult_1" is_hero="true" name="{=3Y4jnu5i}Vlyna" occupation="Lord" voice="earnest">
    <face>
      <BodyProperties key="001CF00CC0CC22447C7B80B46C03852C50A099F774F10856595C31727F69684A012778140288A9880000387A00000AEB00000033000000000000000000508000" version="4"/>
    </face>
    <skills></skills>
    <Traits>
      <Trait id="BalancedFightingSkills" value="5"/>
      <Trait id="Commander" value="9"/>
      <Trait id="Politician" value="9"/>
      <Trait id="Manager" value="10"/>
      <Trait id="Calculating" value="1"/>
      <Trait id="Valor" value="1"/>
      <Trait id="Honor" value="-1"/>
      <Trait id="Generosity" value="1"/>
    </Traits>
    <Equipments>
      <EquipmentRoster civilian="true">
        <equipment id="Item.aserai_noble_sword_3_t5" slot="Item0"/>
        <equipment id="Item.tuareg" slot="Head"/>
        <equipment id="Item.eastern_silk_clothing" slot="Body"/>
        <equipment id="Item.eastern_leather_boots" slot="Leg"/>
      </EquipmentRoster>
      <EquipmentRoster>
        <equipment id="Item.aserai_noble_sword_3_t5" slot="Item0"/>
        <equipment id="Item.battania_shield_targe_a" slot="Item1"/>
        <equipment id="Item.tuareg" slot="Head"/>
        <equipment id="Item.aserai_archer_armor" slot="Body"/>
        <equipment id="Item.northern_brass_bracers" slot="Gloves"/>
        <equipment id="Item.wrapped_scarf" slot="Cape"/>
        <equipment id="Item.mail_cavalier_boots" slot="Leg"/>
      </EquipmentRoster>
	    <equipment id="Item.special_camel" slot="Horse"/>
        <equipment id="Item.camel_saddle" slot="HorseHarness"/>
    </Equipments>
  </NPCCharacter>
  <NPCCharacter age="35" culture="Culture.aserai" default_group="Cavalry" id="cs_lord_desert_cult_2" is_hero="true" name="{=3Y4jnu5i}Kruma" occupation="Lord" voice="softspoken">
    <face>
      <BodyProperties key="001C900FC0FC180886899931423946DB88E588765AA3947958825CAD467C7D4701E006890E57A12A000000000000000000000000000000000000000000843044" version="4"/>
    </face>
    <skills></skills>
    <Traits>
      <Trait id="BalancedFightingSkills" value="5"/>
      <Trait id="Commander" value="6"/>
      <Trait id="Politician" value="6"/>
      <Trait id="Manager" value="6"/>
      <Trait id="Valor" value="1"/>
      <Trait id="Honor" value="-1"/>
    </Traits>
    <Equipments>
      <EquipmentRoster civilian="true">
        <equipment id="Item.turban" slot="Head"/>
        <equipment id="Item.light tunic" slot="Body"/>
        <equipment id="Item.eastern_leather_boots" slot="Leg"/>
      </EquipmentRoster>
      <EquipmentRoster>
        <equipment id="Item.aserai_noble_sword_3_t5" slot="Item0"/>
        <equipment id="Item.battania_shield_targe_a" slot="Item1"/>
        <equipment id="Item.woven_turban" slot="Head"/>
        <equipment id="Item.southern_lamellar_armor" slot="Body"/>
        <equipment id="Item.northern_brass_bracers" slot="Gloves"/>
        <equipment id="Item.brass_scale_shoulders" slot="Cape"/>
        <equipment id="Item.eastern_leather_boots" slot="Leg"/>
      </EquipmentRoster>
	    <equipment id="Item.special_camel" slot="Horse"/>
        <equipment id="Item.camel_saddle" slot="HorseHarness"/>
    </Equipments>
  </NPCCharacter>
  <NPCCharacter age="41" culture="Culture.aserai" default_group="Cavalry" id="cs_lord_desert_cult_3" is_hero="true" name="{=3Y4jnu5i}Ragnaros" occupation="Lord" voice="earnest">
    <face>
      <BodyProperties key="001CEC0CCF14100687FB80B46063852C58828C574A904D765978CD756F2C7F8401277814024D343A0000387A00000AEB00000033000000000000000000488000" version="4"/>
    </face>
    <skills></skills>
    <Traits>
      <Trait id="BalancedFightingSkills" value="5"/>
      <Trait id="Commander" value="5"/>
      <Trait id="Politician" value="6"/>
      <Trait id="Manager" value="4"/>
      <Trait id="Valor" value="1"/>
      <Trait id="Honor" value="-1"/>
      <Trait id="Generosity" value="1"/>
    </Traits>
    <Equipments>
      <EquipmentRoster civilian="true">
        <equipment id="Item.woven_turban" slot="Head"/>
        <equipment id="Item.light tunic" slot="Body"/>
        <equipment id="Item.eastern_leather_boots" slot="Leg"/>
      </EquipmentRoster>
      <EquipmentRoster>
        <equipment id="Item.aserai_noble_sword_3_t5" slot="Item0"/>
        <equipment id="Item.battania_shield_targe_a" slot="Item1"/>
        <equipment id="Item.woven_turban" slot="Head"/>
        <equipment id="Item.southern_lamellar_armor" slot="Body"/>
        <equipment id="Item.northern_brass_bracers" slot="Gloves"/>
        <equipment id="Item.brass_scale_shoulders" slot="Cape"/>
        <equipment id="Item.eastern_leather_boots" slot="Leg"/>
      </EquipmentRoster>
	          <equipment id="Item.special_camel" slot="Horse"/>
        <equipment id="Item.camel_saddle" slot="HorseHarness"/>
    </Equipments>
  </NPCCharacter>
  <!-- Redemptive Order -->
  <NPCCharacter age="51" culture="Culture.vlandia" default_group="Cavalry" id="cs_lord_redemptive_order_1" is_hero="true" name="{=acp2IcMs}Ryagos" occupation="Lord" voice="earnest">
    <face>
      <BodyProperties build="0.9096" key="000BD0058000100D785AA72917C606A54D469CDC9A3683A59A15AF927269E22C00070478065D7806000000000000000000000000000000000000000000001184" version="4" weight="0.5019"/>
    </face>
    <skills></skills>
    <Traits>
      <Trait id="HorseArcherFightingSkills" value="8"/>
      <Trait id="BalancedFightingSkills" value="5"/>
      <Trait id="Commander" value="8"/>
      <Trait id="Politician" value="5"/>
      <Trait id="Manager" value="8"/>
      <Trait id="Valor" value="2"/>
      <Trait id="Honor" value="3"/>
    </Traits>
    <Equipments>
      <EquipmentRoster civilian="true">
        <equipment id="Item.leather_coat" slot="Body"/>
        <equipment id="Item.leather_cavalier_boots" slot="Leg"/>
      </EquipmentRoster>
      <EquipmentRoster>
        <equipment id="Item.vlandia_lance_3_t5" slot="Item0"/>
        <equipment id="Item.chivalric_kite_shield" slot="Item1"/>
        <equipment id="Item.morningstar_mace_t3" slot="Item2"/>
        <equipment id="Item.pointed_skullcap_over_mail_coif" slot="Head"/>
        <equipment id="Item.pauldron_cape_a" slot="Cape"/>
        <equipment id="Item.leather_and_iron_plate_armor" slot="Body"/>
        <equipment id="Item.lordly_mail_mitten" slot="Gloves"/>
        <equipment id="Item.mail_cavalier_boots" slot="Leg"/>
      </EquipmentRoster>
	    <equipment id="Item.storm_charger" slot="Horse"/>
        <equipment id="Item.chain_barding" slot="HorseHarness"/>
    </Equipments>
  </NPCCharacter>
  <NPCCharacter age="30" culture="Culture.vlandia" default_group="Cavalry" id="cs_lord_redemptive_order_2" is_female="true" is_hero="true" name="{=7ayj6WAw}Ashlay" occupation="Lord" voice="curt">
    <face>
      <BodyProperties build="0.4096" key="00002C0B40FC0403F498A8D188A5E77F56F0735F70008EFF42E67468A4378677000550060C589593000000000000000000000000000000000000000000780100" version="4" weight="0.4019"/>
    </face>
    <skills></skills>
    <Traits>
      <Trait id="BalancedFightingSkills" value="9"/>
      <Trait id="Commander" value="3"/>
      <Trait id="Politician" value="5"/>
      <Trait id="Manager" value="4"/>
      <Trait id="Valor" value="2"/>
      <Trait id="Honor" value="1"/>
    </Traits>
    <Equipments>
      <EquipmentRoster civilian="true">
        <equipment id="Item.vlandian_woman_dress" slot="Body"/>
        <equipment id="Item.ladys_shoe" slot="Leg"/>
      </EquipmentRoster>
      <EquipmentRoster>
        <equipment id="Item.vlandia_lance_3_t5" slot="Item0"/>
        <equipment id="Item.chivalric_kite_shield" slot="Item1"/>
        <equipment id="Item.morningstar_mace_t3" slot="Item2"/>
        <equipment id="Item.pointed_skullcap_over_mail_coif" slot="Head"/>
        <equipment id="Item.pauldron_cape_a" slot="Cape"/>
        <equipment id="Item.leather_and_iron_plate_armor" slot="Body"/>
        <equipment id="Item.lordly_mail_mitten" slot="Gloves"/>
        <equipment id="Item.mail_cavalier_boots" slot="Leg"/>
      </EquipmentRoster>
	    <equipment id="Item.storm_charger" slot="Horse"/>
        <equipment id="Item.chain_barding" slot="HorseHarness"/>
    </Equipments>
  </NPCCharacter>
  <NPCCharacter age="40" culture="Culture.vlandia" default_group="Cavalry" id="cs_lord_redemptive_order_3" is_hero="true" name="{=dwFZFQ6V}Lamos" occupation="Lord" voice="earnest">
    <face>
      <BodyProperties build="0.6096" key="000CA00E40BC2005478D688968868296A6779BB376D6A724D866C7B9A9A97B7D0007077C0D629B660000000000000FFE00000000000000000000000000001080" version="4" weight="0.9019"/>
    </face>
    <skills></skills>
    <Traits>
      <Trait id="HorseArcherFightingSkills" value="2"/>
      <Trait id="BalancedFightingSkills" value="3"/>
      <Trait id="Commander" value="8"/>
      <Trait id="Politician" value="10"/>
      <Trait id="Manager" value="6"/>
      <Trait id="Valor" value="2"/>
      <Trait id="Honor" value="1"/>
    </Traits>
    <Equipments>
      <EquipmentRoster civilian="true">
        <equipment id="Item.monk_robe" slot="Body"/>
        <equipment id="Item.decorated_imperial_boots" slot="Leg"/>
      </EquipmentRoster>
      <EquipmentRoster>
        <equipment id="Item.cs_2h_morningstar_t4" slot="Item0"/>
        <equipment id="Item.nasal_helmet_over_mail_coif" slot="Head"/>
        <equipment id="Item.pauldron_cape_a" slot="Cape"/>
        <equipment id="Item.monk_robe" slot="Body"/>
        <equipment id="Item.decorated_imperial_gauntlets" slot="Gloves"/>
        <equipment id="Item.decorated_imperial_boots" slot="Leg"/>

      </EquipmentRoster>
        <equipment id="Item.storm_charger" slot="Horse"/>
        <equipment id="Item.chain_barding" slot="HorseHarness"/>
    </Equipments>
  </NPCCharacter>
  <!-- Harbingers of Wrath -->
  <NPCCharacter age="35" culture="Culture.empire" default_group="Infantry" id="cs_lord_harbingers_of_wrath_1" is_hero="true" name="{=vEsKYrFR}Lucus" occupation="Lord" voice="ironic">
    <face>
      <BodyProperties build="0.6096" key="000408044000100F25623C58425470B50956873973717A626A844C28812366410177701407757DB2000000000000000000000000000000000000000046F82043" version="4" weight="0.8019"/>
    </face>
    <skills></skills>
    <Traits>
      <Trait id="BalancedFightingSkills" value="9"/>
      <Trait id="Commander" value="7"/>
      <Trait id="Politician" value="7"/>
      <Trait id="Manager" value="6"/>
      <Trait id="Valor" value="4"/>
      <Trait id="Honor" value="-3"/>
      <Trait id="Mercy" value="-3"/>
    </Traits>
    <Equipments>
      <EquipmentRoster civilian="true">
        <equipment id="Item.female_head_wrap" slot="Head"/>
        <equipment id="Item.scarf" slot="Cape"/>
        <equipment id="Item.long_woolen_tunic" slot="Body"/>
        <equipment id="Item.fine_town_boots" slot="Leg"/>
      </EquipmentRoster>
      <EquipmentRoster>
        <equipment id="Item.cs_wrathbringer" slot="Item0"/>
        <equipment id="Item.studded_imperial_neckguard" slot="Cape"/>
        <equipment id="Item.lamellar_plate_gauntlets" slot="Gloves"/>
        <equipment id="Item.imperial_lamellar_over_leather" slot="Body"/>
        <equipment id="Item.lamellar_plate_boots" slot="Leg"/>
      </EquipmentRoster>
    </Equipments>
  </NPCCharacter>
  <NPCCharacter age="25" culture="Culture.empire" default_group="Infantry" id="cs_lord_harbingers_of_wrath_2" is_female="true" is_hero="true" name="{=KsBoNHW5}Cathreyn" occupation="Lord" voice="ironic">
    <face>
      <BodyProperties build="0.5988" key="0005640700CC000B937028572492B2C7877F875AA7536C989859FD27797983B301977614096E3949000000000000000000000000000000000000000071243043" version="4" weight="0.3517"/>
    </face>
	<skills></skills>
    <Traits>
      <Trait id="BalancedFightingSkills" value="6"/>
      <Trait id="Commander" value="6"/>
      <Trait id="Politician" value="5"/>
      <Trait id="Manager" value="2"/>
      <Trait id="Valor" value="5"/>
      <Trait id="Honor" value="-3"/>
      <Trait id="Mercy" value="-3"/>
    </Traits>
    <Equipments>
      <EquipmentRoster civilian="true">
        <equipment id="Item.female_head_wrap" slot="Head"/>
        <equipment id="Item.scarf" slot="Cape"/>
        <equipment id="Item.long_woolen_tunic" slot="Body"/>
        <equipment id="Item.fine_town_boots" slot="Leg"/>
      </EquipmentRoster>
      <EquipmentRoster>
        <equipment id="Item.cs_wrathbringer" slot="Item0"/>
        <equipment id="Item.battania_civil_hood" slot="Head"/>
        <equipment id="Item.wrapped_scarf" slot="Cape"/>
        <equipment id="Item.lamellar_plate_gauntlets" slot="Gloves"/>
        <equipment id="Item.imperial_lamellar_over_leather" slot="Body"/>
        <equipment id="Item.lamellar_plate_boots" slot="Leg"/>
      </EquipmentRoster>
    </Equipments>
  </NPCCharacter>
  <!-- Manhunters -->
  <NPCCharacter age="62" culture="Culture.empire" default_group="Cavalry" id="cs_lord_manhunters_1" is_hero="true" name="{=48bvCvb2}Vrumann" occupation="Lord" voice="curt">
    <face>
      <BodyProperties key="0016CC0CC000034D640B69B8656667865969A5977D6878675667688679664368000000080769896600001105000030A30000001F000000000000000000A40000" version="4"/>
      <hair_tags>
        <hair_tag name="Short"/>
      </hair_tags>
      <beard_tags>
        <beard_tag name="LightShortBeard"/>
      </beard_tags>
    </face>
	<skills></skills>
    <Traits>
      <Trait id="KnightFightingSkills" value="5"/>
      <Trait id="Commander" value="6"/>
      <Trait id="Politician" value="4"/>
      <Trait id="Manager" value="6"/>
      <Trait id="Generosity" value="1"/>
      <Trait id="Honor" value="1"/>
      <Trait id="Authoritarian" value="1"/>
    </Traits>
    <Equipments>
      <EquipmentRoster civilian="true">
        <equipment id="Item.empire_mace_5_t5" slot="Item0"/>
        <equipment id="Item.wrapped_scarf" slot="Cape"/>
        <equipment id="Item.imperial_lamellar_over_leather" slot="Body"/>
        <equipment id="Item.decorated_imperial_boots" slot="Leg"/>
      </EquipmentRoster>
      <EquipmentRoster>
        <equipment id="Item.empire_mace_5_t5" slot="Item0"/>
        <equipment id="Item.wide_heater_shield" slot="Item1"/>
        <equipment id="Item.pointed_skullcap_over_mail" slot="Head"/>
        <equipment id="Item.imperial_lamellar_over_leather" slot="Body"/>
        <equipment id="Item.decorated_imperial_gauntlets" slot="Gloves"/>
        <equipment id="Item.decorated_imperial_boots" slot="Leg"/>
        <equipment id="Item.studded_imperial_neckguard" slot="Cape"/>
      </EquipmentRoster>
        <equipment id="Item.noble_horse" slot="Horse"/>
        <equipment id="Item.imperial_riding_harness" slot="HorseHarness"/>
    </Equipments>
  </NPCCharacter>
  <!-- Southern Enslavers -->
  <NPCCharacter age="34" culture="Culture.aserai" default_group="Cavalry" id="cs_lord_southern_enslavers_1" is_hero="true" name="{=saaeExBg}Razes" occupation="Lord" voice="ironic">
    <face>
      <BodyProperties build="0.39" key="002DD008800017569A8325164C717EB41DB68247C1766706898A77398C1C655704469045046695710000000000000000000000000000000000000000308850C5" version="4" weight="0.5959"/>
    </face>
    <skills></skills>
    <Traits>
      <Trait id="BalancedFightingSkills" value="8"/>
      <Trait id="Commander" value="4"/>
      <Trait id="Politician" value="7"/>
      <Trait id="Manager" value="6"/>
      <Trait id="Valor" value="1"/>
      <Trait id="Honor" value="-1"/>
      <Trait id="Mercy" value="-1"/>
    </Traits>
    <Equipments>
      <EquipmentRoster civilian="true">
        <equipment id="Item.wrapped_scarf" slot="Cape"/>
        <equipment id="Item.studded_leather_coat" slot="Body"/>
        <equipment id="Item.buttoned_leather_bracers" slot="Gloves"/>
        <equipment id="Item.eastern_leather_boots" slot="Leg"/>
      </EquipmentRoster>
      <EquipmentRoster>
        <equipment id="Item.battania_polearm_1_t5" slot="Item0"/>
        <equipment id="Item.vlandia_noble_sword_1_t5" slot="Item1"/>
        <equipment id="Item.tall_heater_shield" slot="Item2"/>
        <equipment id="Item.eastern_javelin_3_t4" slot="Item3"/>
        <equipment id="Item.eastern_vendel_helmet" slot="Head"/>
        <equipment id="Item.stitched_leather_over_mail" slot="Body"/>
        <equipment id="Item.reinforced_padded_mitten" slot="Gloves"/>
        <equipment id="Item.studded_imperial_neckguard" slot="Cape"/>
        <equipment id="Item.northern_plated_boots" slot="Leg"/>
      </EquipmentRoster>
        <equipment id="Item.storm_charger" slot="Horse"/>
        <equipment id="Item.imperial_scale_barding" slot="HorseHarness"/>	  
    </Equipments>
  </NPCCharacter>
  <NPCCharacter age="24" culture="Culture.empire" default_group="Infantry" id="cs_lord_southern_enslavers_2" is_female="true" is_hero="true" name="{=saaeExBg}Asmona" occupation="Lord" voice="curt">
    <face>
      <BodyProperties build="0.19" key="0011BC0B56702001A3D38A855676C091785028797AA43B9794BA5FC09B8A17870157761405886D30000000000000000000000000000000000000000054B41083" version="4" weight="0.15"/>
    </face>
    <skills></skills>
    <Traits>
      <Trait id="BalancedFightingSkills" value="5"/>
      <Trait id="Commander" value="3"/>
      <Trait id="Politician" value="8"/>
      <Trait id="Manager" value="10"/>
      <Trait id="Authoritarian" value="1"/>
      <Trait id="Calculating" value="1"/>
    </Traits>
    <Equipments>
      <EquipmentRoster civilian="true">
        <equipment id="Item.wrapped_scarf" slot="Cape"/>
        <equipment id="Item.padded_leather_shirt" slot="Body"/>
        <equipment id="Item.empire_horseman_boots" slot="Leg"/>
      </EquipmentRoster>
      <EquipmentRoster>
        <equipment id="Item.southern_spear_3_t4" slot="Item0"/>
        <equipment id="Item.steel_round_shield" slot="Item1"/>
        <equipment id="Item.empire_mace_4_t5" slot="Item2"/>
        <equipment id="Item.plumed_helmet" slot="Head"/>
        <equipment id="Item.bolted_leather_strips" slot="Cape"/>
        <equipment id="Item.buttoned_leather_bracers" slot="Gloves"/>
        <equipment id="Item.empire_horseman_armor" slot="Body"/>
        <equipment id="Item.decorated_imperial_boots" slot="Leg"/>
      </EquipmentRoster>
    </Equipments>
  </NPCCharacter>
  <NPCCharacter age="41" culture="Culture.aserai" default_group="Infantry" id="cs_lord_southern_enslavers_3" is_hero="true" name="{=saaeExBg}Urug" occupation="Lord" voice="earnest">
    <face>
      <BodyProperties build="0.79" key="003FF80FDB00348011B5AFC05F60F149390F3300019086E10FFFE0AF4F0E30F601C776140C0FF9E80000000000000000000000000000000000000000018C3002" version="4" weight="0.39"/>
    </face>
    <skills></skills>
    <Traits>
      <Trait id="PeltastFightingSkills" value="8"/>
      <Trait id="BalancedFightingSkills" value="9"/>
      <Trait id="Commander" value="8"/>
      <Trait id="Politician" value="2"/>
      <Trait id="Manager" value="4"/>
      <Trait id="Valor" value="2"/>
      <Trait id="Honor" value="1"/>
    </Traits>
    <Equipments>
      <EquipmentRoster civilian="true">
        <equipment id="Item.bandit_fur_b" slot="Body"/>
        <equipment id="Item.leopard_pelt" slot="Cape"/>
        <equipment id="Item.northern_brass_bracers" slot="Gloves"/>
        <equipment id="Item.battania_fur_boots" slot="Leg"/>
      </EquipmentRoster>
      <EquipmentRoster>
        <equipment id="Item.shishpar_mace_t4" slot="Item0"/>
        <equipment id="Item.emirs_oval_shield" slot="Item1"/>
        <equipment id="Item.cs_throwing_club" slot="Item2"/>
        <equipment id="Item.cs_throwing_club" slot="Item2"/>
        <equipment id="Item.wolfhead" slot="Head"/>
        <equipment id="Item.wolf_shoulder" slot="Cape"/>
        <equipment id="Item.northern_brass_bracers" slot="Gloves"/>
        <equipment id="Item.bandit_fur_b" slot="Body"/>
        <equipment id="Item.battania_fur_boots" slot="Leg"/>
      </EquipmentRoster>
    </Equipments>
  </NPCCharacter>
  <!-- Northern Liberators -->
  <NPCCharacter age="36" culture="Culture.sturgia" default_group="Cavalry" id="cs_lord_northern_liberators_1" is_hero="true" name="{=KBq7aQRa}Bjorn" occupation="Lord" voice="ironic">
    <face>
      <BodyProperties build="0.8336" key="0000180200001344B77048192583DDE37888747472408A5897A86A068116060506EDB0670E7AC393000000000000000000000000000000000000000053E01102" version="4" weight="0.7176"/>
    </face>
    <skills></skills>
    <Traits>
      <Trait id="PeltastFightingSkills" value="5"/>
      <Trait id="BalancedFightingSkills" value="8"/>
      <Trait id="Commander" value="4"/>
      <Trait id="Politician" value="6"/>
      <Trait id="Manager" value="8"/>
      <Trait id="Valor" value="1"/>
      <Trait id="Honor" value="1"/>
      <Trait id="Calculating" value="1"/>
    </Traits>
    <Equipments>
      <EquipmentRoster civilian="true">
        <equipment id="Item.nordic_sloven" slot="Body"/>
        <equipment id="Item.battania_leather_boots" slot="Leg"/>
      </EquipmentRoster>
      <EquipmentRoster>
        <equipment id="Item.battania_axe_3_t5" slot="Item0"/>
        <equipment id="Item.heavy_round_shield" slot="Item1"/>
        <equipment id="Item.sturgia_2haxe_2_t5" slot="Item2"/>
        <equipment id="Item.lendman_helmet_over_mail" slot="Head"/>
        <equipment id="Item.northern_coat_of_plates" slot="Body"/>
        <equipment id="Item.rough_bearskin" slot="Cape"/>
        <equipment id="Item.plated_strip_gauntlets" slot="Gloves"/>
        <equipment id="Item.northern_plated_boots" slot="Leg"/>

      </EquipmentRoster>
        <equipment id="Item.storm_charger" slot="Horse"/>
        <equipment id="Item.northern_ring_barding" slot="HorseHarness"/>
    </Equipments>
  </NPCCharacter>
  <NPCCharacter age="42" culture="Culture.vlandia" default_group="Ranged" id="cs_lord_northern_liberators_2" is_hero="true" name="{=KBq7aQRa}Forvik" occupation="Lord" voice="earnest">
    <face>
      <BodyProperties build="0.99" key="000080089C442805858670270F0EF1FFE6008A056CE08FE1F0FFFE0765F67FCE0157701405E0EFE000000000000000000000000000000000000000003A9860C2" version="4" weight="0.99"/>
    </face>
    <skills></skills>
    <Traits>
      <Trait id="BalancedFightingSkills" value="2"/>
      <Trait id="Commander" value="1"/>
      <Trait id="Politician" value="10"/>
      <Trait id="Manager" value="10"/>
      <Trait id="Generosity" value="-1"/>
      <Trait id="Calculating" value="1"/>
      <Trait id="Authoritarian" value="-1"/>
    </Traits>
    <Equipments>
      <EquipmentRoster civilian="true">
        <equipment id="Item.short_sword_t3" slot="Item0"/>
        <equipment id="Item.merchants_fur_coat" slot="Body"/>
        <equipment id="Item.fine_town_boots" slot="Leg"/>
      </EquipmentRoster>
      <EquipmentRoster>
        <equipment id="Item.short_sword_t3" slot="Item0"/>
        <equipment id="Item.throwing_stone" slot="Item1"/>
        <equipment id="Item.nordic_leather_cap" slot="Head"/>
        <equipment id="Item.merchants_fur_coat" slot="Body"/>
        <equipment id="Item.fine_town_boots" slot="Leg"/>
      </EquipmentRoster>
    </Equipments>
  </NPCCharacter>
  <NPCCharacter age="56" culture="Culture.battania" default_group="Infantry" id="cs_lord_northern_liberators_3" is_hero="true" name="{=KBq7aQRa}'One-Eye'" occupation="Lord" voice="curt">
    <face>
      <BodyProperties build="0.8336" key="0005740B537035002F0479F870199FB509437A77769315239600507735A06E2801B770140B1FF64F000000000000000000000000000000000000000001787084" version="4" weight="0.5"/>
    </face>
    <skills></skills>
    <Traits>
      <Trait id="PeltastFightingSkills" value="10"/>
      <Trait id="BalancedFightingSkills" value="10"/>
      <Trait id="Commander" value="4"/>
      <Trait id="Politician" value="6"/>
      <Trait id="Manager" value="8"/>
      <Trait id="Valor" value="1"/>
      <Trait id="Honor" value="1"/>
    </Traits>
    <Equipments>
      <EquipmentRoster civilian="true">
        <equipment id="Item.tzkurion_axe_t3" slot="Item0"/>
        <equipment id="Item.sackcloth_tunic" slot="Body"/>
        <equipment id="Item.buttoned_leather_bracers" slot="Gloves"/>
        <equipment id="Item.battania_cloak" slot="Cape"/>
        <equipment id="Item.strapped_shoes" slot="Leg"/>
      </EquipmentRoster>
      <EquipmentRoster>
        <equipment id="Item.cs_broad_axe" slot="Item0"/>
        <equipment id="Item.woodland_throwing_axe_1_t1" slot="Item1"/>
        <equipment id="Item.woodland_throwing_axe_1_t1" slot="Item2"/>
        <equipment id="Item.spiked_helmet" slot="Head"/>
        <equipment id="Item.battania_mercenary_armor" slot="Body"/>
        <equipment id="Item.battania_shoulder_strap_cloak" slot="Cape"/>
        <equipment id="Item.battania_woodland_boots" slot="Leg"/>
      </EquipmentRoster>
    </Equipments>
  </NPCCharacter>
  <!-- Revolutionaries -->
  <NPCCharacter age="34" culture="Culture.vlandia" default_group="Infantry" id="cs_lord_peasant_revolutionaries_1" is_hero="true" name="{=voimockT}Karlinn" occupation="Lord" voice="earnest">
    <face>
      <BodyProperties build="0.5949" key="000B60014000234665734C57613665A5354588837351AC1455E8373672131432037980350768BB63000000000000000000000000000000000000000026E01082" version="4" weight="0.6517"/>
    </face>
	<skills></skills>
    <Traits>
      <Trait id="BalancedFightingSkills" value="8"/>
      <Trait id="Commander" value="7"/>
      <Trait id="Politician" value="10"/>
      <Trait id="Manager" value="9"/>
      <Trait id="Valor" value="1"/>
      <Trait id="Generosity" value="1"/>
      <Trait id="Calculating" value="-1"/>
    </Traits>
    <Equipments>
      <EquipmentRoster civilian="true">
        <equipment id="Item.short_sword_t3" slot="Item0"/>
        <equipment id="Item.patched_gambeson" slot="Body"/>
        <equipment id="Item.ragged_boots" slot="Leg"/>
        <equipment id="Item.guarded_armwraps" slot="Gloves"/>
        <equipment id="Item.hood" slot="Cape"/>
      </EquipmentRoster>
      <EquipmentRoster>
        <equipment id="Item.western_spear_3_t3" slot="Item0"/>
        <equipment id="Item.jousting_shield" slot="Item1"/>
        <equipment id="Item.star_falchion_sword_t3" slot="Item2"/>
        <equipment id="Item.imperial_mail_over_leather" slot="Body"/>
        <equipment id="Item.ragged_boots" slot="Leg"/>
        <equipment id="Item.cervelliere_over_padded_cap" slot="Head"/>
        <equipment id="Item.guarded_armwraps" slot="Gloves"/>
        <equipment id="Item.hood" slot="Cape"/>
      </EquipmentRoster>
    </Equipments>
  </NPCCharacter>
  <!-- Outcasts -->
  <NPCCharacter age="38" culture="Culture.battania" default_group="Infantry" id="cs_lord_peasant_absolutists_1" is_hero="true" name="{=4MwHbMFs}Hiltminn" occupation="Lord" voice="curt">
    <face>
      <BodyProperties age="38" build="0.8" key="00005C07150024CAB77216196072AAE6728B78827641ED973887AC168234162501F770140F99E955000000000000000000000000000000000000000005F05082" version="4" weight="0.5"/>
    </face>
    <skills></skills>
    <Traits>
      <Trait id="BalancedFightingSkills" value="8"/>
      <Trait id="Commander" value="7"/>
      <Trait id="Politician" value="10"/>
      <Trait id="Manager" value="9"/>
      <Trait id="Honor" value="1"/>
      <Trait id="Generosity" value="-1"/>
    </Traits>
    <Equipments>
      <EquipmentRoster civilian="true">
        <equipment id="Item.sturgia_axe_5_t5" slot="Item0"/>
        <equipment id="Item.armored_baggy_trunks" slot="Body"/>
        <equipment id="Item.guarded_padded_vambrace" slot="Gloves"/>
        <equipment id="Item.rough_tied_boots" slot="Leg"/>
      </EquipmentRoster>
      <EquipmentRoster>
        <equipment id="Item.sturgia_axe_5_t5" slot="Item0"/>
        <equipment id="Item.leather_round_shield" slot="Item1"/>
        <equipment id="Item.generic_javelin_1_t3" slot="Item2"/>
        <equipment id="Item.rough_fur_armor" slot="Body"/>
        <equipment id="Item.battania_fur_boots" slot="Leg"/>
      </EquipmentRoster>
    </Equipments>
  </NPCCharacter>
  <!-- Roaming Brigands -->
  <NPCCharacter age="35" culture="Culture.khuzait" default_group="Cavalry" id="cs_lord_peasant_revolters_1" is_hero="true" name="{=EHHVVfgW}Chungis" occupation="Lord" voice="curt">
    <face>
      <BodyProperties age="35" build="0.5" key="0016F80E5C000891888EA81FFEED47BAD0697E0ABDCE8942D22D40B5680988F801A776140A96C5FB0000000000000000000000000000000000000000254C30C5" version="4" weight="0.8"/>
    </face>
    <skills></skills>
    <Traits>
      <Trait id="BalancedFightingSkills" value="5"/>
      <Trait id="Commander" value="9"/>
      <Trait id="Politician" value="6"/>
      <Trait id="Manager" value="3"/>
      <Trait id="Valor" value="-1"/>
      <Trait id="Honor" value="-1"/>
      <Trait id="Generosity" value="-1"/>
    </Traits>
    <Equipments>
      <EquipmentRoster civilian="true">
        <equipment id="Item.morningstar_mace_t3" slot="Item0"/>
        <equipment id="Item.desert_lamellar" slot="Body"/>
        <equipment id="Item.eastern_plated_leather_vambraces" slot="Gloves"/>
        <equipment id="Item.wolf_shoulder" slot="Cape"/>
        <equipment id="Item.plated_strip_boots" slot="Leg"/>
      </EquipmentRoster>
      <EquipmentRoster>
        <equipment id="Item.khuzait_lance_2_t4" slot="Item0"/>
        <equipment id="Item.noyans_shield" slot="Item1"/>
        <equipment id="Item.morningstar_mace_t3" slot="Item2"/>
        <equipment id="Item.desert_lamellar" slot="Body"/>
        <equipment id="Item.eastern_plated_leather_vambraces" slot="Gloves"/>
        <equipment id="Item.feathered_spangenhelm_over_imperial_coif" slot="Head"/>
        <equipment id="Item.wolf_shoulder" slot="Cape"/>
        <equipment id="Item.plated_strip_boots" slot="Leg"/>
      </EquipmentRoster>
        <equipment id="Item.storm_charger" slot="Horse"/>
        <equipment id="Item.steppe_half_barding" slot="HorseHarness"/>
    </Equipments>
  </NPCCharacter>
  <!-- Barbarians -->
  <NPCCharacter age="45" culture="Culture.sturgia" default_group="Infantry" id="cs_lord_barbarians_1" is_hero="true" name="{=hy7mIh48}Bubla" occupation="Lord" voice="earnest">
    <face>
      <BodyProperties build="0.7776" key="00002C00000013C1A47148063594C9A658577825B120FD37967899398D130615048CB046087C5E910000000000000000000000000000000000000000111030C5" version="4" weight="0.7276"/>
    </face>
    <skills></skills>
    <Traits>
      <Trait id="BalancedFightingSkills" value="7"/>
      <Trait id="Commander" value="5"/>
      <Trait id="Politician" value="3"/>
      <Trait id="Manager" value="6"/>
      <Trait id="Valor" value="1"/>
      <Trait id="Generosity" value="1"/>
    </Traits>
    <Equipments>
      <EquipmentRoster civilian="true">
        <equipment id="Item.fur_skirt" slot="Body"/>
        <equipment id="Item.battania_woodland_boots" slot="Leg"/>
        <equipment id="Item.rough_bearskin" slot="Cape"/>
      </EquipmentRoster>
      <EquipmentRoster>
        <equipment id="Item.execution_axe" slot="Item0"/>
        <equipment id="Item.battania_mercenary_armor" slot="Body"/>
        <equipment id="Item.strapped_mail_chausses" slot="Leg"/>
        <equipment id="Item.rough_bearskin" slot="Cape"/>
      </EquipmentRoster>
    </Equipments>
  </NPCCharacter>
  <NPCCharacter age="32" culture="Culture.sturgia" default_group="Infantry" id="cs_lord_barbarians_2" is_hero="true" name="{=ZkaaXxeB}Rogo" occupation="Lord" voice="earnest">
    <face>
      <BodyProperties build="0.7734" key="0000040140000344757114192672EBD26C957321B480E14675AC892680041406028CD0240856DAA10000000000000000000000000000000000000000390840C4" version="4" weight="0.8956"/>
    </face>
    <skills></skills>
    <Traits>
      <Trait id="BalancedFightingSkills" value="8"/>
      <Trait id="Commander" value="8"/>
      <Trait id="Politician" value="1"/>
      <Trait id="Manager" value="3"/>
      <Trait id="Valor" value="1"/>
      <Trait id="Mercy" value="-1"/>
      <Trait id="Calculating" value="-1"/>
    </Traits>
    <Equipments>
      <EquipmentRoster civilian="true">
        <equipment id="Item.fur_skirt" slot="Body"/>
        <equipment id="Item.battania_woodland_boots" slot="Leg"/>
        <equipment id="Item.bearskin" slot="Cape"/>
      </EquipmentRoster>
      <EquipmentRoster>
        <equipment id="Item.execution_axe" slot="Item0"/>
        <equipment id="Item.battania_mercenary_armor" slot="Body"/>
        <equipment id="Item.strapped_mail_chausses" slot="Leg"/>
        <equipment id="Item.battania_civil_cape" slot="Cape"/>
      </EquipmentRoster>
    </Equipments>
  </NPCCharacter>
  <NPCCharacter age="61" culture="Culture.sturgia" default_group="Infantry" id="cs_lord_barbarians_3" is_female="true" is_hero="true" name="{=6WWJpv88}Ama" occupation="Lord" voice="softspoken">
    <face>
      <BodyProperties age="61" key="000500000FFC200F17C47044B4A7D66966AB0362409096127C956ADAB8DBB85A874786140D9D65590001D7770BEB8A7500000000000000000000000031B41083" version="4"/>
    </face>
    <skills></skills>
    <Traits>
      <Trait id="Politician" value="5"/>
      <Trait id="Manager" value="6"/>
      <Trait id="Honor" value="1"/>
      <Trait id="Generosity" value="1"/>
      <Trait id="Calculating" value="1"/>
    </Traits>
    <Equipments>
      <EquipmentRoster civilian="true">
        <equipment id="Item.fur_skirt" slot="Body"/>
        <equipment id="Item.battania_woodland_boots" slot="Leg"/>
      </EquipmentRoster>
      <EquipmentRoster>
        <equipment id="Item.execution_axe" slot="Item0"/>
        <equipment id="Item.battania_mercenary_armor" slot="Body"/>
        <equipment id="Item.strapped_mail_chausses" slot="Leg"/>
        <equipment id="Item.rough_bearskin" slot="Cape"/>
      </EquipmentRoster>
    </Equipments>
  </NPCCharacter>
  <!-- Order of the Phoenix -->
  <NPCCharacter age="43" culture="Culture.vlandia" default_group="Cavalry" id="cs_lord_ko_phoenix_1" is_hero="true" name="{=abCBBVaU}Bertholdt" occupation="Lord" voice="earnest">
    <face>
      <BodyProperties build="0.6682" key="0005B008800039CD48802D04476A22F69E19714BC2BB1B05FF6F00777B853103027AA0240759705000000000000000000000000000000000000000007CE82001" version="4" weight="0.6404"/>
    </face>
    <skills></skills>
    <Traits>
      <Trait id="KnightFightingSkills" value="10"/>
      <Trait id="Commander" value="7"/>
      <Trait id="Politician" value="2"/>
      <Trait id="Manager" value="5"/>
      <Trait id="Valor" value="2"/>
      <Trait id="Honor" value="5"/>
    </Traits>
    <Equipments>
      <EquipmentRoster civilian="true">
        <equipment id="Item.morningstar_mace_t3" slot="Item0"/>
        <equipment id="Item.aketon" slot="Body"/>
        <equipment id="Item.leather_gloves" slot="Gloves"/>
        <equipment id="Item.strapped_shoes" slot="Leg"/>
      </EquipmentRoster>
      <EquipmentRoster>
        <equipment id="Item.vlandia_lance_3_t5" slot="Item0"/>
        <equipment id="Item.chivalric_kite_shield" slot="Item1"/>
        <equipment id="Item.morningstar_mace_t3" slot="Item2"/>
        <equipment id="Item.visored_helmet_over_mail_coif" slot="Head"/>
        <equipment id="Item.pauldron_cape_a" slot="Cape"/>
        <equipment id="Item.lordly_mail_mitten" slot="Gloves"/>
        <equipment id="Item.coat_of_plates_over_mail" slot="Body"/>
        <equipment id="Item.mail_cavalier_boots" slot="Leg"/>
      </EquipmentRoster>
	    <equipment id="Item.storm_charger" slot="Horse"/>
        <equipment id="Item.chain_barding" slot="HorseHarness"/>
    </Equipments>
  </NPCCharacter>
  <!-- Makko -->
  <NPCCharacter age="38" culture="Culture.khuzait" default_group="Cavalry" id="cs_lord_makko_1" is_hero="true" name="{=2OqAomZy}Momumbus" occupation="Lord" voice="curt">
    <face>
      <BodyProperties build="0.9802" key="0016F40CD3001A11850C4FE84FBF25983516071ECFEE0A17098D4718582269F501B770140B5877F70000000000000000000000000000000000000000036840C4" version="4" weight="0.9887"/>
    </face>
    <skills></skills>
    <Traits>
      <Trait id="BalancedFightingSkills" value="8"/>
      <Trait id="Commander" value="9"/>
      <Trait id="Politician" value="5"/>
      <Trait id="Manager" value="8"/>
      <Trait id="Mercy" value="-1"/>
      <Trait id="Generosity" value="-1"/>
      <Trait id="Honor" value="1"/>
    </Traits>
    <Equipments>
      <EquipmentRoster civilian="true">
        <equipment id="Item.aserai_noble_sword_2_t5" slot="Item0"/>
        <equipment id="Item.aserai_female_civil_hscarf_b" slot="Head"/>
        <equipment id="Item.bearskin" slot="Cape"/>
        <equipment id="Item.merchants_fur_coat" slot="Body"/>
        <equipment id="Item.khuzait_curved_boots" slot="Leg"/>
      </EquipmentRoster>
      <EquipmentRoster>
        <equipment id="Item.cs_eastern_dec_glaive" slot="Item0"/>
        <equipment id="Item.composite_steppe_bow" slot="Item1"/>
        <equipment id="Item.bodkin_arrows_a" slot="Item2"/>
        <equipment id="Item.plumed_fur_lined_helmet" slot="Head"/>
        <equipment id="Item.bearskin" slot="Cape"/>
        <equipment id="Item.stitched_leather_over_mail" slot="Body"/>
        <equipment id="Item.rough_tied_bracers" slot="Gloves"/>
        <equipment id="Item.strapped_mail_chausses" slot="Leg"/>
      </EquipmentRoster>
        <equipment id="Item.storm_charger" slot="Horse"/>
        <equipment id="Item.studded_steppe_barding" slot="HorseHarness"/>	  
    </Equipments>
  </NPCCharacter>
  <!-- Humar -->
  <NPCCharacter age="44" culture="Culture.khuzait" default_group="Cavalry" id="cs_lord_humar_1" is_hero="true" name="{=DVtqrS0T}Ceng" occupation="Lord" voice="earnest">
    <face>
      <BodyProperties build="0.3" key="0011EC0FC0002054C37043D04C1505562060AA1DF7FEF705EB704A038800786401577014056DD55C000000000000000000000000000000000000000050981080" version="4" weight="0.3"/>
    </face>
    <skills></skills>
    <Traits>
      <Trait id="BalancedFightingSkills" value="8"/>
      <Trait id="HorseArcherFightingSkills" value="8"/>
      <Trait id="Commander" value="6"/>
      <Trait id="Politician" value="6"/>
      <Trait id="Manager" value="4"/>
      <Trait id="Calculating" value="1"/>
      <Trait id="Generosity" value="1"/>
      <Trait id="Valor" value="-1"/>
    </Traits>
    <Equipments>
      <EquipmentRoster civilian="true">
        <equipment id="Item.cs_humar_sword_t5" slot="Item0"/>
        <equipment id="Item.imperial_scale_barding" slot="Cape"/>
        <equipment id="Item.imperial_robes" slot="Body"/>
        <equipment id="Item.woven_leather_boots" slot="Leg"/>
      </EquipmentRoster>
      <EquipmentRoster>
        <equipment id="Item.cs_humar_lance" slot="Item0"/>
        <equipment id="Item.cs_humar_2h_sword_t5" slot="Item1"/>
        <equipment id="Item.cs_humar_sword_t5" slot="Item2"/>
        <equipment id="Item.khuzait_lamellar_strapped" slot="Body"/>
        <equipment id="Item.lamellar_plate_gauntlets" slot="Gloves"/>
        <equipment id="Item.khuzait_noble_helmet_with_fur" slot="Head"/>
        <equipment id="Item.imperial_lamellar_shoulders" slot="Cape"/>
        <equipment id="Item.northern_plated_boots" slot="Leg"/>
      </EquipmentRoster>
        <equipment id="Item.storm_charger" slot="Horse"/>
        <equipment id="Item.stripped_leather_harness" slot="HorseHarness"/>
    </Equipments>
  </NPCCharacter>
  <!-- Madmen -->
  <NPCCharacter age="52" culture="Culture.Empire" default_group="Ranged" id="cs_lord_madmen_1" is_hero="true" name="{=aRCzXkiD}Madmen Hero" occupation="Bandit" voice="curt">
    <face>
      <!--face_key value="0032952c800012865897773981684655d9d8c798581b5696684c587363987795000484947cc7c49a00001105000030a30000001f000000000000000000007000" /-->
      <BodyProperties key="0000940CC00012D350E777F981664645D9D8F7980E0B5696984B4971139870950107741400C7C4FA00001105000030A30000001F00000000000000007C007000" version="4"/>
    </face>
    <skills></skills>
    <Traits>
      <!-- USED TO DERIVE SKILLS-->
      <Trait id="BalancedFightingSkills" value="5"/>
      <Trait id="Commander" value="6"/>
      <Trait id="Politician" value="6"/>
      <Trait id="Manager" value="7"/>
      <Trait id="Valor" value="1"/>
      <Trait id="Honor" value="1"/>
      <Trait id="Generosity" value="-1"/>
    </Traits>
    <Equipments>
      <EquipmentRoster>
        <equipment id="Item.peasant_pitchfork_1_t1" slot="Item0"/>
      </EquipmentRoster>
      <EquipmentRoster civilian="true">
        <equipment id="Item.peasant_pitchfork_1_t1" slot="Item0"/>
      </EquipmentRoster>
    </Equipments>
  </NPCCharacter>
  <!-- Deserters -->
  <NPCCharacter age="27" culture="Culture.battania" default_group="Ranged" id="cs_lord_battania_deserters_1" is_hero="true" name="{=aRCzXkiD}Battanian Deserters Hero" occupation="Bandit" voice="curt">
    <face>
      <!--face_key value="0032952c800012865897773981684655d9d8c798581b5696684c587363987795000484947cc7c49a00001105000030a30000001f000000000000000000007000" /-->
      <BodyProperties key="0000200B4014064DB69752598AAA67A879179B792B6B5A1B377C5DABC7684A9901E774140E368A4C00001105000030A30000001F000000000000000025C84000" version="4"/>
    </face>
    <skills></skills>
    <Traits>
      <!-- USED TO DERIVE SKILLS-->
      <Trait id="BalancedFightingSkills" value="5"/>
      <Trait id="Commander" value="3"/>
      <Trait id="Politician" value="6"/>
      <Trait id="Manager" value="7"/>
      <Trait id="Valor" value="1"/>
      <Trait id="Honor" value="1"/>
      <Trait id="Generosity" value="-1"/>
    </Traits>
    <Equipments>
      <EquipmentRoster>
        <equipment id="Item.woodland_longbow" slot="Item0"/>
        <equipment id="Item.bodkin_arrows_b" slot="Item1"/>
        <equipment id="Item.battania_2hsword_5_t5" slot="Item3"/>
        <equipment id="Item.bodkin_arrows_b" slot="Item2"/>
        <equipment id="Item.decorated_nordic_hauberk" slot="Body"/>
        <equipment id="Item.battanian_plated_noble_helmet" slot="Head"/>
        <equipment id="Item.highland_gloves" slot="Gloves"/>
        <equipment id="Item.battania_leather_boots" slot="Leg"/>
        <equipment id="Item.battania_cloak_furr" slot="Cape"/>
      </EquipmentRoster>
      <EquipmentRoster civilian="true">
        <equipment id="Item.battania_woodland_outfit" slot="Body"/>
        <equipment id="Item.battania_woodland_boots" slot="Leg"/>
        <equipment id="Item.armwraps" slot="Gloves"/>
      </EquipmentRoster>
    </Equipments>
  </NPCCharacter>
  <NPCCharacter age="35" culture="Culture.vlandia" default_group="Infantry" id="cs_lord_vlandia_deserters_1" is_hero="true" name="{=aRCzXkiD}Vlandian Deserters Hero" occupation="Bandit" voice="curt">
    <face>
      <!--face_key value="0032952c800012865897773981684655d9d8c798581b5696684c587363987795000484947cc7c49a00001105000030a30000001f000000000000000000007000" /-->
      <BodyProperties key="0000700FC0881700435486508BC09A459BA6C656378466999878BE77669D554A0167741406F528F400001105000030A30000001F00000000000000003CC08040" version="4"/>
    </face>
    <skills></skills>
    <Traits>
      <!-- USED TO DERIVE SKILLS-->
      <Trait id="BalancedFightingSkills" value="5"/>
      <Trait id="Commander" value="3"/>
      <Trait id="Politician" value="6"/>
      <Trait id="Manager" value="7"/>
      <Trait id="Valor" value="1"/>
      <Trait id="Honor" value="1"/>
      <Trait id="Generosity" value="-1"/>
    </Traits>
    <Equipments>
      <EquipmentRoster>
        <equipment id="Item.vlandia_2haxe_1_t4" slot="Item0"/>
        <equipment id="Item.padded_coat" slot="Body"/>
        <equipment id="Item.empire_horseman_boots" slot="Leg"/>
        <equipment id="Item.cervelliere_over_arming_coif" slot="Head"/>
        <equipment id="Item.padded_mitten" slot="Gloves"/>
        <equipment id="Item.padded_leather_shoulders" slot="Cape"/>
      </EquipmentRoster>
      <EquipmentRoster civilian="true">
        <equipment id="Item.padded_coat" slot="Body"/>
        <equipment id="Item.empire_horseman_boots" slot="Leg"/>
      </EquipmentRoster>
    </Equipments>
  </NPCCharacter>
  <NPCCharacter age="45" culture="Culture.sturgia" default_group="Infantry" id="cs_lord_sturgia_deserters_1" is_hero="true" name="{=aRCzXkiD}Sturgian Deserters Hero" occupation="Bandit" voice="curt">
    <face>
      <!--face_key value="0032952c800012865897773981684655d9d8c798581b5696684c587363987795000484947cc7c49a00001105000030a30000001f000000000000000000007000" /-->
      <BodyProperties key="0000B4044044059CA6736978194C8776B97BCC6A8A79C88725606C884984DB7D01B776140B8558C3000000000000000000000000000000000000000067642002" version="4"/>
    </face>
    <skills></skills>
    <Traits>
      <!-- USED TO DERIVE SKILLS-->
      <Trait id="BalancedFightingSkills" value="5"/>
      <Trait id="Commander" value="3"/>
      <Trait id="Politician" value="6"/>
      <Trait id="Manager" value="7"/>
      <Trait id="Valor" value="1"/>
      <Trait id="Honor" value="1"/>
      <Trait id="Generosity" value="-1"/>
    </Traits>
    <Equipments>
      <EquipmentRoster>
        <equipment id="Item.sturgia_sword_4_t4" slot="Item0"/>
        <equipment id="Item.viking_round_shield" slot="Item1"/>
        <equipment id="Item.northern_throwing_axe_1_t1" slot="Item2"/>
        <equipment id="Item.northern_spear_3_t4" slot="Item3"/>
        <equipment id="Item.sturgian_lamellar_gambeson_heavy" slot="Body"/>
        <equipment id="Item.strapped_mail_chausses" slot="Leg"/>
        <equipment id="Item.sturgian_helmet_b_open" slot="Head"/>
        <equipment id="Item.imperial_studded_strip_shoulders" slot="Cape"/>
        <equipment id="Item.reinforced_leather_vambraces" slot="Gloves"/>
      </EquipmentRoster>
      <EquipmentRoster civilian="true">
        <equipment id="Item.northern_padded_cloth" slot="Body"/>
        <equipment id="Item.strapped_mail_chausses" slot="Leg"/>
      </EquipmentRoster>
    </Equipments>
  </NPCCharacter>
  <NPCCharacter age="45" culture="Culture.empire" default_group="Infantry" id="cs_lord_empire_deserters_1" is_hero="true" name="{=aRCzXkiD}Imperial Deserters Hero" occupation="Bandit" voice="curt">
    <face>
      <!--face_key value="0032952c800012865897773981684655d9d8c798581b5696684c587363987795000484947cc7c49a00001105000030a30000001f000000000000000000007000" /-->
      <BodyProperties key="000B5C0A00E4330ED7BA24748C4E567539BAA2745B9A3C5D56546B36B9384BA50177741407BB853800001105000030A30000001F000000000000000036F08000" version="4"/>
    </face>
    <skills></skills>
    <Traits>
      <!-- USED TO DERIVE SKILLS-->
      <Trait id="BalancedFightingSkills" value="5"/>
      <Trait id="Commander" value="3"/>
      <Trait id="Politician" value="6"/>
      <Trait id="Manager" value="7"/>
      <Trait id="Valor" value="1"/>
      <Trait id="Honor" value="1"/>
      <Trait id="Generosity" value="-1"/>
    </Traits>
    <Equipments>
      <EquipmentRoster>
        <equipment id="Item.empire_sword_6_t5" slot="Item0"/>
        <equipment id="Item.battania_large_shield_c" slot="Item1"/>
        <equipment id="Item.imperial_throwing_spear_1_t4" slot="Item2"/>
        <equipment id="Item.imperial_throwing_spear_1_t4" slot="Item3"/>
        <equipment id="Item.legionary_mail" slot="Body"/>
        <equipment id="Item.strapped_mail_chausses" slot="Leg"/>
        <equipment id="Item.galea" slot="Head"/>
        <equipment id="Item.plated_strip_gauntlets" slot="Gloves"/>
        <equipment id="Item.pauldron_cape_a" slot="Cape"/>
      </EquipmentRoster>
      <EquipmentRoster civilian="true">
        <equipment id="Item.legionary_mail" slot="Body"/>
        <equipment id="Item.strapped_mail_chausses" slot="Leg"/>
      </EquipmentRoster>
    </Equipments>
  </NPCCharacter>
  <NPCCharacter age="28" culture="Culture.khuzait" default_group="Infantry" id="cs_lord_khuzait_deserters_1" is_hero="true" name="{=aRCzXkiD}Khuzait Deserters Hero" occupation="Bandit" voice="curt">
    <face>
      <!--face_key value="0032952c800012865897773981684655d9d8c798581b5696684c587363987795000484947cc7c49a00001105000030a30000001f000000000000000000007000" /-->
      <BodyProperties key="0016900FC0A0181CB75AA846C28A863178754467A3B633583A6DB9824BD59634019774140979496C00001105000030A30000001F000000000000000037303000" version="4"/>
    </face>
    <skills></skills>
    <Traits>
      <!-- USED TO DERIVE SKILLS-->
      <Trait id="BalancedFightingSkills" value="5"/>
      <Trait id="Commander" value="3"/>
      <Trait id="Politician" value="6"/>
      <Trait id="Manager" value="7"/>
      <Trait id="Valor" value="1"/>
      <Trait id="Honor" value="1"/>
      <Trait id="Generosity" value="-1"/>
    </Traits>
    <Equipments>
      <EquipmentRoster>
        <equipment id="Item.eastern_wicker_shield" slot="Item1"/>
        <equipment id="Item.khuzait_sword_3_t3" slot="Item2"/>
        <equipment id="Item.khuzait_lamellar_strapped" slot="Body"/>
        <equipment id="Item.nomad_helmet" slot="Head"/>
        <equipment id="Item.reinforced_leather_vambraces" slot="Gloves"/>
        <equipment id="Item.reinforced_suede_boots" slot="Leg"/>
        <equipment id="Item.khuzait_leather_pauldron" slot="Cape"/>
      </EquipmentRoster>
      <EquipmentRoster civilian="true">
        <equipment id="Item.studded_steppe_leather" slot="Body"/>
        <equipment id="Item.reinforced_suede_boots" slot="Leg"/>
      </EquipmentRoster>
    </Equipments>
  </NPCCharacter>
  <NPCCharacter age="23" culture="Culture.aserai" default_group="Cavalry" id="cs_lord_aserai_deserters_1" is_hero="true" name="{=aRCzXkiD}Aserai Deserters Hero" occupation="Bandit" voice="curt">
    <face>
      <!--face_key value="0032952c800012865897773981684655d9d8c798581b5696684c587363987795000484947cc7c49a00001105000030a30000001f000000000000000000007000" /-->
      <BodyProperties key="0022480B40001890955A2E6877676A95466279459667258AC79BA87D87A5BD95018774140858968400001105000030A30000001F00000000000000005B0800C0" version="4"/>
    </face>
    <skills></skills>
    <Traits>
      <!-- USED TO DERIVE SKILLS-->
      <Trait id="BalancedFightingSkills" value="5"/>
      <Trait id="Commander" value="3"/>
      <Trait id="Politician" value="6"/>
      <Trait id="Manager" value="7"/>
      <Trait id="Valor" value="1"/>
      <Trait id="Honor" value="1"/>
      <Trait id="Generosity" value="-1"/>
    </Traits>
    <Equipments>
      <EquipmentRoster>
        <equipment id="Item.eastern_spear_4_t4" slot="Item0"/>
        <equipment id="Item.eastern_javelin_1_t2" slot="Item1"/>
        <equipment id="Item.eastern_javelin_1_t2" slot="Item2"/>
        <equipment id="Item.closed_desert_helmet_with_mail" slot="Head"/>
        <equipment id="Item.desert_leather_shoulderpad" slot="Cape"/>
        <equipment id="Item.aserai_robe_c_chain" slot="Body"/>
        <equipment id="Item.empire_horseman_boots" slot="Leg"/>
        <equipment id="Item.leather_gloves" slot="Gloves"/>
      </EquipmentRoster>
      <EquipmentRoster civilian="true">
        <equipment id="Item.desert_padded_cloth" slot="Body"/>
        <equipment id="Item.empire_horseman_boots" slot="Leg"/>
      </EquipmentRoster>
	    <equipment id="Item.camel" slot="Horse"/>
        <equipment id="Item.camel_saddle" slot="HorseHarness"/>
    </Equipments>
  </NPCCharacter>

 <NPCCharacter id="cs_lord_united_deserters_1" name="{=LiAefNmE}Marcus" default_group="Cavalry" age="40" voice="earnest" is_hero="true" culture="Culture.empire" occupation="Lord">
    <face>
      <BodyProperties version="4" key="001C700CD7FC090396938E48227587B669B586898A943687321998859647875401577614059DB435000000000000000000000000000000000000000000B48042"  />
    </face>
    <skills></skills>
    <Traits>
      <Trait id="KnightFightingSkills" value="6" />
      <Trait id="Commander" value="7" />
      <Trait id="Politician" value="7" />
      <Trait id="Manager" value="5" />
      <Trait id="Mercy" value="-1" />
      <Trait id="Calculating" value="1" />
    </Traits>
    <Equipments>
    <EquipmentRoster civilian="true">
      <equipment slot="Item0" id="Item.empire_sword_6_t5" />
      <equipment slot="Body" id="Item.buckled_wildsman_armor" />
      <equipment slot="Leg" id="Item.empire_horseman_boots" />
    </EquipmentRoster>
    <EquipmentRoster>
        <equipment id="Item.empire_sword_6_t5" slot="Item0"/>
        <equipment id="Item.wide_heater_shield" slot="Item1"/>
        <equipment id="Item.imperial_throwing_spear_1_t4" slot="Item2"/>
        <equipment id="Item.imperial_lamellar_over_leather" slot="Body"/>
        <equipment id="Item.decorated_imperial_boots" slot="Leg"/>
        <equipment id="Item.galea" slot="Head"/>
        <equipment id="Item.plated_strip_gauntlets" slot="Gloves"/>
        <equipment id="Item.pauldron_cape_a" slot="Cape"/>
    </EquipmentRoster>
        <equipment id="Item.noble_horse" slot="Horse"/>
        <equipment id="Item.imperial_riding_harness" slot="HorseHarness"/>
  </Equipments>
  </NPCCharacter>
</NPCCharacters>