<?xml version="1.0" encoding="utf-8"?>
<PartyRewardsTemplate>
    <PartyReward>
        <PartyId>cs_mountain_raider_boss_squad_template</PartyId>
        <RewardsList>
            <Reward>
                <Type>Influence</Type>
                <RenownInfluenceMoneyAmount>5</RenownInfluenceMoneyAmount>
            </Reward>
            <Reward>
                <Type>Renown</Type>
                <RenownInfluenceMoneyAmount>30</RenownInfluenceMoneyAmount>
            </Reward>
            <Reward>
                <Type>Item</Type>
                <ItemId>battania_woodland_chainmail</ItemId>
                <Chance>0.2</Chance>
            </Reward>
            <Reward>
                <Type>Item</Type>
                <ItemId>reinforced_padded_mitten</ItemId>
                <Chance>0.3</Chance>
            </Reward>
            <Reward>
                <Type>Item</Type>
                <ItemId>vlandia_axe_2_t4</ItemId>
                <Chance>0.3</Chance>
            </Reward>
            <Reward>
                <Type>Money</Type>
                <RenownInfluenceMoneyAmount>3000</RenownInfluenceMoneyAmount>
            </Reward>
        </RewardsList>
    </PartyReward>
    <PartyReward>
        <PartyId>cs_forest_giant_trainer_group</PartyId>
        <RewardsList>
            <Reward>
                <Type>Renown</Type>
                <RenownInfluenceMoneyAmount>10</RenownInfluenceMoneyAmount>
            </Reward>
            <Reward>
                <Type>Item</Type>
                <ItemId>noble_long_bow</ItemId>
                <Chance>0.1</Chance>
            </Reward>
            <Reward>
                <Type>Item</Type>
                <ItemId>piercing_arrows</ItemId>
                <Chance>0.3</Chance>
            </Reward>
            <Reward>
                <Type>Item</Type>
                <ItemId>piercing_arrows</ItemId>
                <Chance>0.3</Chance>
            </Reward>
            <Reward>
                <Type>Money</Type>
                <RenownInfluenceMoneyAmount>1000</RenownInfluenceMoneyAmount>
            </Reward>
        </RewardsList>
    </PartyReward>
    <PartyReward>
        <PartyId>cs_united_deserters</PartyId>
        <RewardsList>
            <Reward>
                <Type>Influence</Type>
                <RenownInfluenceMoneyAmount>5</RenownInfluenceMoneyAmount>
            </Reward>
            <Reward>
                <Type>Renown</Type>
                <RenownInfluenceMoneyAmount>50</RenownInfluenceMoneyAmount>
            </Reward>
            <Reward>
                <Type>Item</Type>
                <ItemId>northern_coat_of_plates</ItemId>
                <Chance>0.1</Chance>
            </Reward>
            <Reward>
                <Type>Item</Type>
                <ItemId>lendman_helmet_over_full_mail</ItemId>
                <Chance>0.1</Chance>
            </Reward>
            <Reward>
                <Type>Item</Type>
                <ItemId>white_coat_over_mail</ItemId>
                <Chance>0.1</Chance>
            </Reward>
            <Reward>
                <Type>Item</Type>
                <ItemId>reinforced_mail_mitten</ItemId>
                <Chance>0.1</Chance>
            </Reward>
            <Reward>
                <Type>Item</Type>
                <ItemId>battanian_chainmail_armor_b</ItemId>
                <Chance>0.1</Chance>
            </Reward>
            <Reward>
                <Type>Item</Type>
                <ItemId>western_javelin_3_t4</ItemId>
                <Chance>0.1</Chance>
            </Reward>
            <Reward>
                <Type>Item</Type>
                <ItemId>battania_sword_4_t4</ItemId>
                <Chance>0.1</Chance>
            </Reward>
            <Reward>
                <Type>Money</Type>
                <RenownInfluenceMoneyAmount>5000</RenownInfluenceMoneyAmount>
            </Reward>
        </RewardsList>
    </PartyReward>
    <PartyReward>
        <PartyId>cs_mad_uprising</PartyId>
        <RewardsList>
            <Reward>
                <Type>Influence</Type>
                <RenownInfluenceMoneyAmount>5</RenownInfluenceMoneyAmount>
            </Reward>
            <Reward>
                <Type>Renown</Type>
                <RenownInfluenceMoneyAmount>50</RenownInfluenceMoneyAmount>
            </Reward>
            <Reward>
                <Type>Item</Type>
                <ItemId>generic_javelin_1_t3</ItemId>
                <Chance>0.1</Chance>
            </Reward>
            <Reward>
                <Type>Item</Type>
                <ItemId>noble_horse</ItemId>
                <Chance>0.3</Chance>
            </Reward>
            <Reward>
                <Type>Item</Type>
                <ItemId>battania_polearm_1_t5</ItemId>
                <Chance>0.3</Chance>
            </Reward>
            <Reward>
                <Type>Money</Type>
                <RenownInfluenceMoneyAmount>5000</RenownInfluenceMoneyAmount>
            </Reward>
        </RewardsList>
    </PartyReward>
    <PartyReward>
        <PartyId>cs_how_doomhost_group</PartyId>
        <RewardsList>
            <Reward>
                <Type>Influence</Type>
                <RenownInfluenceMoneyAmount>5</RenownInfluenceMoneyAmount>
            </Reward>
            <Reward>
                <Type>Renown</Type>
                <RenownInfluenceMoneyAmount>50</RenownInfluenceMoneyAmount>
            </Reward>
            <Reward>
                <Type>Item</Type>
                <ItemId>cs_nailmace_t3</ItemId>
                <Chance>0.3</Chance>
            </Reward>
            <Reward>
                <Type>Item</Type>
                <ItemId>crossbow_c</ItemId>
                <Chance>0.3</Chance>
            </Reward>
            <Reward>
                <Type>Item</Type>
                <ItemId>empire_mace_4_t5</ItemId>
                <Chance>0.3</Chance>
            </Reward>
            <Reward>
                <Type>Money</Type>
                <RenownInfluenceMoneyAmount>5000</RenownInfluenceMoneyAmount>
            </Reward>
        </RewardsList>
    </PartyReward>
    <PartyReward>
        <PartyId>cs_mass_peasant_revolutionary_revolt</PartyId>
        <RewardsList>
            <Reward>
                <Type>Influence</Type>
                <RenownInfluenceMoneyAmount>5</RenownInfluenceMoneyAmount>
            </Reward>
            <Reward>
                <Type>Renown</Type>
                <RenownInfluenceMoneyAmount>30</RenownInfluenceMoneyAmount>
            </Reward>
            <Reward>
                <Type>Money</Type>
                <RenownInfluenceMoneyAmount>3000</RenownInfluenceMoneyAmount>
            </Reward>
        </RewardsList>
    </PartyReward>
    <PartyReward>
        <PartyId>cs_mass_peasant_absolutist_revolt</PartyId>
        <RewardsList>
            <Reward>
                <Type>Influence</Type>
                <RenownInfluenceMoneyAmount>5</RenownInfluenceMoneyAmount>
            </Reward>
            <Reward>
                <Type>Renown</Type>
                <RenownInfluenceMoneyAmount>30</RenownInfluenceMoneyAmount>
            </Reward>
            <Reward>
                <Type>Money</Type>
                <RenownInfluenceMoneyAmount>3000</RenownInfluenceMoneyAmount>
            </Reward>
        </RewardsList>
    </PartyReward>
    <PartyReward>
        <PartyId>cs_desert_cult_group</PartyId>
        <RewardsList>
            <Reward>
                <Type>Influence</Type>
                <RenownInfluenceMoneyAmount>7</RenownInfluenceMoneyAmount>
            </Reward>
            <Reward>
                <Type>Renown</Type>
                <RenownInfluenceMoneyAmount>40</RenownInfluenceMoneyAmount>
            </Reward>
            <Reward>
                <Type>Money</Type>
                <RenownInfluenceMoneyAmount>5000</RenownInfluenceMoneyAmount>
            </Reward>
        </RewardsList>
    </PartyReward>
    <PartyReward>
        <PartyId>cs_barbarian_exodus</PartyId>
        <RewardsList>
            <Reward>
                <Type>Influence</Type>
                <RenownInfluenceMoneyAmount>10</RenownInfluenceMoneyAmount>
            </Reward>
            <Reward>
                <Type>Renown</Type>
                <RenownInfluenceMoneyAmount>50</RenownInfluenceMoneyAmount>
            </Reward>
            <Reward>
                <Type>Money</Type>
                <RenownInfluenceMoneyAmount>7000</RenownInfluenceMoneyAmount>
            </Reward>
            <Reward>
                <Type>Item</Type>
                <ItemId>rough_fur_over_chain</ItemId>
                <Chance>0.3</Chance>
            </Reward>
            <Reward>
                <Type>Item</Type>
                <ItemId>ridged_northernhelm</ItemId>
                <Chance>0.3</Chance>
            </Reward>
        </RewardsList>
    </PartyReward>
    <PartyReward>
        <PartyId>cs_cleansing_group</PartyId>
        <RewardsList>
            <Reward>
                <Type>Influence</Type>
                <RenownInfluenceMoneyAmount>5</RenownInfluenceMoneyAmount>
            </Reward>
            <Reward>
                <Type>Renown</Type>
                <RenownInfluenceMoneyAmount>30</RenownInfluenceMoneyAmount>
            </Reward>
            <Reward>
                <Type>Money</Type>
                <RenownInfluenceMoneyAmount>3000</RenownInfluenceMoneyAmount>
            </Reward>
            <Reward>
                <Type>Item</Type>
                <ItemId>basic_imperial_leather_armor</ItemId>
                <Chance>0.3</Chance>
            </Reward>
            <Reward>
                <Type>Item</Type>
                <ItemId>vlandia_mace_3_t5</ItemId>
                <Chance>0.3</Chance>
            </Reward>
        </RewardsList>
    </PartyReward>
    <PartyReward>
        <PartyId>cs_makko_invasion_force</PartyId>
        <RewardsList>
            <Reward>
                <Type>Influence</Type>
                <RenownInfluenceMoneyAmount>10</RenownInfluenceMoneyAmount>
            </Reward>
            <Reward>
                <Type>Renown</Type>
                <RenownInfluenceMoneyAmount>100</RenownInfluenceMoneyAmount>
            </Reward>
            <Reward>
                <Type>Money</Type>
                <RenownInfluenceMoneyAmount>10000</RenownInfluenceMoneyAmount>
            </Reward>
            <Reward>
                <Type>Item</Type>
                <ItemId>cs_quick_crossbow</ItemId>
                <Chance>0.5</Chance>
            </Reward>
            <Reward>
                <Type>Item</Type>
                <ItemId>desert_scale_armor</ItemId>
                <Chance>0.3</Chance>
            </Reward>
            <Reward>
                <Type>Item</Type>
                <ItemId>desert_scale_shoulders</ItemId>
                <Chance>0.3</Chance>
            </Reward>
        </RewardsList>
    </PartyReward>
    <PartyReward>
        <PartyId>cs_humar_invasion_force</PartyId>
        <RewardsList>
            <Reward>
                <Type>Influence</Type>
                <RenownInfluenceMoneyAmount>10</RenownInfluenceMoneyAmount>
            </Reward>
            <Reward>
                <Type>Renown</Type>
                <RenownInfluenceMoneyAmount>100</RenownInfluenceMoneyAmount>
            </Reward>
            <Reward>
                <Type>Money</Type>
                <RenownInfluenceMoneyAmount>10000</RenownInfluenceMoneyAmount>
            </Reward>
            <Reward>
                <Type>Item</Type>
                <ItemId>cs_bombs</ItemId>
                <Chance>0.5</Chance>
            </Reward>
            <Reward>
                <Type>Item</Type>
                <ItemId>cs_bombs</ItemId>
                <Chance>0.5</Chance>
            </Reward>
            <Reward>
                <Type>Item</Type>
                <ItemId>cs_bombs</ItemId>
                <Chance>0.5</Chance>
            </Reward>
            <Reward>
                <Type>Item</Type>
                <ItemId>khuzait_noble_helmet_with_neckguard</ItemId>
                <Chance>0.3</Chance>
            </Reward>
            <Reward>
                <Type>Item</Type>
                <ItemId>longbow_recurve_desert_bow</ItemId>
                <Chance>0.3</Chance>
            </Reward>
            <Reward>
                <Type>Item</Type>
                <ItemId>khuzait_noble_helmet_with_feathers</ItemId>
                <Chance>0.3</Chance>
            </Reward>
        </RewardsList>
    </PartyReward>
</PartyRewardsTemplate>