<!-- 

Dialogue is read each time a campaign is started or loaded.

Boolean operations cannot be put in paranthesis just yet. The whole statement is read from left to right for now, operations on the left taking precedence. 
Future versions should address this issue.

RECOGNIZED CONDITIONS 

HasPartyID(ID)
PartyIDStartsWith(Prefix)
PartyIDEndsWith(Suffix)
PartyIsInFaction(FactionID)
IsHero(HeroID)

FirstTimeTalkWithHero
IsFriendly
IsHostile
IsDefending
IsAttacking
BarterSuccessful USE THIS ONLY DIRECTLY INSIDE A BARTER.

RECOGNIZED LOGIC

AND: AND & &&
OR: OR | ||
NOT: !

RECOGNIZED CONSEQUENCES. War, Peace, BarterPeace are not yet tested and probably will not work as expected since the Diplomacy System of Custom Spawns is pretty bad right now.

Leave
Battle
War
Peace
Surrender(isPlayer) Enter true or false as parameter. case insensitive.

BARTER CONSEQUENCES are like regular consequences but they have to be attached to a line that the player will never see. This is how the TW system works currently, or at least I couldn't find an easy way to circumvent it. Check examples in Calradia at War for barters.

BarterPeace
BarterNoAttack 

ALTERNATIVE DIALOGUES

Alternative dialogues exist to help with creating variants of a parent without having to copy paste the children.

An alternative dialogue has the same children as its parent in the hierarchy. It is not a child dialogue of its XML parent, but instead has the same children as its parent.
This way, either the dialogue or the alternative dialogue can be an entry to the same dialogue tree while having different conditions, texts, and consequences!

PLAYER ATTRIBUTE

if set to false this is just NPC dialogue.

if set to true this is player dialogue. If multiple player dialogues are triggered at once, then they are displayed as options.

-->

<root>

<!-- BANDITS -->

	<Dialogue condition = "HasPartyID(cs_mountain_raider_squad_template) AND IsAttacking" text = "Aye, what do we 'ave here?">
		<AlternativeDialogue condition = "HasPartyID(cs_mountain_raider_squad_template) AND IsDefending" text = "Aye, m'lord?"/>

		<Dialogue condition = "IsAttacking" text = "Just a walking purse, sir." player = "true" >
			<Dialogue text = "Aye, spill 'em coins then.">
				<Dialogue text = "Ze screen text that no one will see" consequence = "BarterNoAttack">
					<Dialogue condition = "BarterSuccessful" text = "Aye, that should be enough.">
					
					</Dialogue>
					<Dialogue condition = "!BarterSuccessful" text = "Ye an empty purse 'pparently.">

					</Dialogue>
				</Dialogue>
			</Dialogue>
		</Dialogue>
		<Dialogue condition = "IsAttacking" text = "No need to posture! We surrender." consequence = "Surrender(true)" player = "true">
			
		</Dialogue>
		<Dialogue condition = "IsAttacking" text = "Some steel for you thieving rascals!" consequence = "Battle" player = "true">

		</Dialogue>
		<Dialogue condition = "IsDefending" text = "I hear you and your lads have been terrorizing the locals?"  player = "true">
			<Dialogue text = "Impossible, m'lord! We are but humble peasants.">
				<Dialogue text = "A thief, and a liar? Prepare to die." consequence = "Battle" player = "true">

				</Dialogue>
				<Dialogue text = "Ah, I see. You may go then." consequence = "Leave" player = "true">
			
				</Dialogue>
			</Dialogue>
		</Dialogue>

	</Dialogue>

	<Dialogue condition = "HasPartyID(cs_mountain_raider_boss_squad_template) AND IsAttacking" text = "Heh, ye aren't very fortunate today, ar ye?">
		<AlternativeDialogue condition = "HasPartyID(cs_mountain_raider_boss_squad_template) AND IsDefending" text = "Aye, m'lord?"/>

		<Dialogue condition = "IsAttacking" text = "Oh, but my dear sir, it is said that those with coin are always granted God's blessings." player = "true" >
			<Dialogue text = "Aye, spill 'em coins then. And don't ye use 'em big words.">
				<Dialogue text = "Ze screen text that no one will see" consequence = "BarterNoAttack">
					<Dialogue condition = "BarterSuccessful" text = "Aye, that should be enough.">
					
					</Dialogue>
					<Dialogue condition = "!BarterSuccessful" text = "It looks like ye only got words.">

					</Dialogue>
				</Dialogue>
			</Dialogue>
		</Dialogue>
		<Dialogue condition = "IsAttacking" text = "It seems so. We surrender." consequence = "Surrender(true)" player = "true">
			
		</Dialogue>
		<Dialogue condition = "IsAttacking" text = "Don't get cocky, rascal. A couple mountain thieves are no match for my men!" consequence = "Battle" player = "true">

		</Dialogue>
		<Dialogue condition = "IsDefending" text = "I hear you and your lads have been terrorizing the locals?" player = "true">
			<Dialogue text = "Impossible, m'lord! We are but a caravan.">
				<Dialogue text = "Heh, do you take me for a fool?" consequence = "Battle" player = "true">

				</Dialogue>
				<Dialogue text = "Ah, I see. You may go then." consequence = "Leave" player = "true">
			
				</Dialogue>
			</Dialogue>
		</Dialogue>

	</Dialogue>

	<Dialogue condition = "HasPartyID(cs_forest_trainer_group) OR HasPartyID(cs_forest_ambushers) OR HasPartyID(cs_forest_giant_trainer_group) AND IsAttacking"
		text = "Stepped into the wrong woods I'm afraid.">
		<AlternativeDialogue condition = "HasPartyID(cs_forest_trainer_group) OR HasPartyID(cs_forest_ambushers) OR HasPartyID(cs_forest_giant_trainer_group) AND IsDefending"
		text = "Yes, my lord?"/>

		<Dialogue condition = "IsAttacking" text = "No need to shoot! We can perhaps arrange something." player = "true" >
			<Dialogue text = "It better be a good arrangement.">
				<Dialogue text = "Ze screen text that no one will see" consequence = "BarterNoAttack">
					<Dialogue condition = "BarterSuccessful" text = "Aye, that should be enough.">
					
					</Dialogue>
					<Dialogue condition = "!BarterSuccessful" text = "Ye an empty purse 'pparently.">

					</Dialogue>
				</Dialogue>
			</Dialogue>
		</Dialogue>
		<Dialogue condition = "IsAttacking" text = "I'm afraid you are correct. We surrender." consequence = "Surrender(true)" player = "true">
			
		</Dialogue>
		<Dialogue condition = "IsAttacking" text = "Oh, you should be afraid!" consequence = "Battle" player = "true">

		</Dialogue>
		<Dialogue condition = "IsDefending" text = "I hear you and your lads have been terrorizing the locals?"  player = "true">
			<Dialogue text = "We'll fight until we draw our last breath!" consequence = "Battle">

			</Dialogue>
		</Dialogue>

		<Dialogue condition = "IsDefending" text = "Nothing. I wish you a good day." consequence = "Leave" player = "true">

		</Dialogue>

	</Dialogue>

<!-- -->

<!-- DESERTERS -->

	<Dialogue condition = "PartyIDEndsWith(deserters) AND IsHostile" text = "Yet another adventurer playing at the art of war. You and your kind have ravaged these lands at the cost of us soldiers.">

		<Dialogue condition = "IsAttacking" text = "Come on now. You of all in Calradia must understand the desire to live." player = "true" >
			<Dialogue text = "Freedom has its costs.">
				<Dialogue text = "Ze screen text that no one will see" consequence = "BarterNoAttack">
					<Dialogue condition = "BarterSuccessful" text = "Don't linger around.">
					
					</Dialogue>
					<Dialogue condition = "!BarterSuccessful" text = "We'll take a look at your inventory then.">

					</Dialogue>
				</Dialogue>
			</Dialogue>
		</Dialogue>
		<Dialogue condition = "IsAttacking" text = "Stay your hand! We surrender." consequence = "Surrender(true)" player = "true">
			
		</Dialogue>
		<Dialogue condition = "IsAttacking" text = "Hah! A mere rook posturing like he owns the land. Let me show you the skills of a real commander." consequence = "Battle" player = "true">

		</Dialogue>

		<Dialogue condition = "IsDefending" text = "Die like the disloyal filth you are." consequence = "Battle" player = "true">

		</Dialogue>
		<Dialogue condition = "IsDefending" text = "I am in no mood to deal with your pack of fools." consequence = "Leave" player = "true">

		</Dialogue>
	</Dialogue>


	<Dialogue condition = "PartyIDEndsWith(deserters) AND IsFriendly" text = "Beautiful weather out there to enjoy freedom, don't you think?">
		<Dialogue  text = "Indeed so. May you all enjoy your freedom for long." consequence = "Leave" player = "true">

		</Dialogue>
	</Dialogue>

<!-- -->

<!-- ENSLAVERS -->
	
	<!-- Southern -->

	<Dialogue condition = "PartyIsInFaction(cs_southern_enslavers) AND IsHostile AND IsAttacking" text = "Ah, it seems like you'll make another fine addition to our collection!">
		<Dialogue text = "Stay your hand! We can pay for passage." player = "true" >
			<Dialogue text = "No need for petty exchanges like that. You can just pay with lifelong servitude." consequence = "Battle">

			</Dialogue>
		</Dialogue>

		<Dialogue text = "You will taste your own poison after I am done with you!" consequence = "Battle" player = "true">

		</Dialogue>
	</Dialogue>

	<Dialogue condition = "PartyIsInFaction(cs_southern_enslavers) AND IsHostile AND IsDefending" text = "Ah, hello, friend!">
		<Dialogue text = "No friends here. Just steel!" player = "true" >
			<Dialogue text = "You're gonna be squealing when I am done with you." consequence = "Battle">

			</Dialogue>
		</Dialogue>

		<Dialogue text = "Ah, nice journeys to you, friend!" consequence = "Leave" player = "true">

		</Dialogue>
	</Dialogue>

	<Dialogue condition = "PartyIsInFaction(cs_southern_enslavers) AND IsFriendly" text = "Beautiful weather out there to capture some innocent people, don't you think?">
		<Dialogue  text = "Indeed so. May your slaves be healthy and expensive!" consequence = "Leave" player = "true">

		</Dialogue>
	</Dialogue>

	<!-- Northern -->

	<Dialogue condition = "PartyIsInFaction(cs_northern_liberators) AND IsHostile AND IsAttacking" text = "Well, aren't you a worthy capture!">
		<Dialogue text = "Stay your hand! We can pay for passage." player = "true" >
			<Dialogue text = "Fear not. We'll take everything you have, and have your family pay the rest." consequence = "Battle">

			</Dialogue>
		</Dialogue>

		<Dialogue text = "All high and mighty, yet you are no different than a bandit!"  player = "true">
			<Dialogue text = "I'll have to bring out the torture devices just for you." consequence = "Battle">

			</Dialogue>
		</Dialogue>
	</Dialogue>

	<Dialogue condition = "PartyIsInFaction(cs_northern_liberators) AND IsHostile AND IsDefending" text = "Ah, hello, friend!">
		<Dialogue text = "No friends here. Just steel!" player = "true" >
			<Dialogue text = "You're gonna be squealing when I am done with you." consequence = "Battle">

			</Dialogue>
		</Dialogue>

		<Dialogue text = "Ah, nice journeys to you, friend!" consequence = "Leave" player = "true">

		</Dialogue>
	</Dialogue>

	<Dialogue condition = "PartyIsInFaction(cs_northern_liberators) AND IsFriendly" text = "Beautiful weather out there for some justice, eh?">
		<Dialogue  text = "Indeed so. May your efforts be fruitful, my friend!" player = "true">
			<Dialogue  text = "Yours as well, friend. Good luck out there." consequence = "Leave">
			
			</Dialogue>
		</Dialogue>
	</Dialogue>

<!-- -->

<!-- Madmen -->

	<Dialogue condition = "PartyIsInFaction(cs_madmen) AND IsHostile" text = "I'LL MAKE TRINKETS FROM YOUR PINKY TOES!" consequence = "Battle">

	</Dialogue>

	<Dialogue condition = "PartyIsInFaction(cs_madmen) AND IsFriendly" text = "Huh?" consequence = "Leave">

	</Dialogue>

<!-- -->

<!-- Harbingers of Wrath -->

	<Dialogue condition = "PartyIsInFaction(cs_harbingers_of_wrath) AND IsHostile" text = "All sinners must be purged." consequence = "Battle">

	</Dialogue>

	<Dialogue condition = "PartyIsInFaction(cs_harbingers_of_wrath) AND IsFriendly" text = "How rare! A friendly face on the road" consequence = "Leave">
		<Dialogue text = "It's my pleasure! Take care. You are doing work for all mankind." consequence = "Leave" player = "true">

		</Dialogue>
	</Dialogue>

<!-- -->

<!-- Redemptive Order -->

	<Dialogue condition = "PartyIsInFaction(cs_redemptive_order) AND IsHostile AND IsAttacking" text = "You are a sinner, and yet you are riding around with such pride." consequence = "Battle">
		<Dialogue text = "You are a learned man, maybe even a knight. Is there no way for this to end peacefully?" player = "true" >
			<Dialogue text = "Don't worry. You'll have plenty of opportunities to redeem yourself before God." consequence = "Battle">

			</Dialogue>
		</Dialogue>
	</Dialogue>

	<Dialogue condition = "PartyIsInFaction(cs_redemptive_order) AND IsHostile AND IsDefending" text = "Such strength! God is testing me for certain." consequence = "Battle">

	</Dialogue>

	<Dialogue condition = "PartyIsInFaction(cs_redemptive_order) AND IsFriendly" text = "How rare! A friendly face on the road" consequence = "Leave">
		<Dialogue text = "It's my pleasure! Take care. You are doing God's work." consequence = "Leave" player = "true">

		</Dialogue>
	</Dialogue>

<!-- -->

<!-- Order of the Phoenix -->

	<Dialogue condition = "PartyIsInFaction(cs_ko_phoenix) AND IsHostile AND IsAttacking" text = "More pestilence upon this tumultuous land. I, of the last standing Knight Order of Calradia, the Phoenix, shall ensure your swift death." consequence = "Battle">

	</Dialogue>

	<Dialogue condition = "PartyIsInFaction(cs_ko_phoenix) AND IsHostile AND IsDefending" text = "Go on then. A Knight does not fear any adversity! I shall die in honour, and laugh down on your pitiful existence from the heavens." consequence = "Battle">

	</Dialogue>

	<Dialogue condition = "PartyIsInFaction(cs_ko_phoenix) AND IsFriendly" text = "How rare! A friendly face on the road" consequence = "Leave">
		<Dialogue text = "It's my pleasure! Take care, sir Knight." consequence = "Leave" player = "true">

		</Dialogue>
	</Dialogue>

<!-- -->

<!-- Revolutionaries -->

	<Dialogue condition = "PartyIsInFaction(cs_peasant_revolutionaries) AND IsHostile AND IsAttacking" text = "The rights of the people will not be denied!" consequence = "Battle">

	</Dialogue>

	<Dialogue condition = "PartyIsInFaction(cs_peasant_revolutionaries) AND IsHostile AND IsDefending" text = "If you have any honour, then stay your hand!">

		<Dialogue text = "Disperse now, and you all shall live." player = "true">
			<Dialogue text = "We'd rather die than go back to those so-called lords. The rights of the people will not be denied!" consequence = "Battle">

			</Dialogue>
		</Dialogue>

		<Dialogue text = "Very well, you all may continue." consequence = "Leave" player = "true">

		</Dialogue>
	</Dialogue>

	<Dialogue condition = "PartyIsInFaction(cs_peasant_revolutionaries) AND IsFriendly" text = "How rare! A friendly face on the road" consequence = "Leave">
		<Dialogue text = "It's my pleasure! Take care, sir Knight." consequence = "Leave" player = "true">

		</Dialogue>
	</Dialogue>

<!-- -->

<!-- Humar -->

	<Dialogue condition = "PartyIsInFaction(cs_humar) AND IsHostile AND IsAttacking" text = "You westerners make for some petty warriors! Prepare to die in the hand of a real soldier." consequence = "Battle">

	</Dialogue>

	<Dialogue condition = "PartyIsInFaction(cs_humar) AND IsHostile AND IsDefending" text = "Finally, a worthy opponent!" consequence = "Battle">

	</Dialogue>

	<Dialogue condition = "PartyIsInFaction(cs_humar) AND IsFriendly" text = "How rare! A friendly face on the road" consequence = "Leave">
		<Dialogue text = "It's my pleasure!" consequence = "Leave" player = "true">

		</Dialogue>
	</Dialogue>

<!-- -->

</root>