<?xml version="1.0" encoding="utf-8"?>

<CraftingPieces>
  <CraftingPiece id="cs_maul_tip_1" name="Maul Head" tier="4" piece_type="Blade" mesh="blacksmith_hammer_tip" length="6.4" weight="0.8" full_scale="true" excluded_item_usage_features="thrust">
    <PieceUsages unavailable_usages="" />
    <BuildData piece_offset="0" next_piece_offset="0" />
    <BladeData stack_amount="3" physics_material="metal_weapon" body_name="bo_mace_a">
      <Swing damage_type="Blunt" damage_factor="3.7" />
    </BladeData>
    <Materials>
      <Material id="Iron2" count="4" />
    </Materials>
  </CraftingPiece>
  <CraftingPiece id="cs_maul_tip_2" name="Blacksmith Hammer Head" tier="3" piece_type="Blade" mesh="blacksmith_hammer_tip" length="5.4" weight="0.7" full_scale="true" excluded_item_usage_features="thrust">
    <PieceUsages unavailable_usages="" />
    <BuildData piece_offset="0" next_piece_offset="0" />
    <BladeData stack_amount="3" physics_material="metal_weapon" body_name="bo_mace_a">
      <Swing damage_type="Blunt" damage_factor="1.7" />
    </BladeData>
    <Flags>
      <Flag name="CanBePickedUpFromCorpse" type="ItemFlags" />
    </Flags>
    <Materials>
      <Material id="Iron2" count="3" />
    </Materials>
  </CraftingPiece>
  <CraftingPiece id="cs_pick_head" name="Mining Pick Head" tier="1" piece_type="Blade" mesh="axe_craft_37_head" distance_to_next_piece="10.4" distance_to_previous_piece="3.4" weight="0.632">
    <PieceUsages unavailable_usages="" />
    <BuildData piece_offset="-1.8" />
    <BladeData stack_amount="3" blade_length="19.764" blade_width="17" physics_material="metal_weapon" body_name="bo_axe_longer_b">
      <Swing damage_type="Cut" damage_factor="2.0" />
    </BladeData>
    <Flags>
      <Flag name="CanBePickedUpFromCorpse" type="ItemFlags" />
    </Flags>
    <Materials>
      <Material id="Iron1" count="4" />
    </Materials>
  </CraftingPiece>
  <CraftingPiece id="cs_bamboo_spear_handle" name="Bamboo Shaft" tier="2" piece_type="Handle" mesh="spear_handle_3" length="179" weight="1.3" excluded_item_usage_features="long" CraftingCost="100">
    <PieceUsages unavailable_usages="" />
    <BuildData piece_offset="17.9" />
    <Materials>
      <Material id="Wood" count="1" />
    </Materials>
  </CraftingPiece>
  <CraftingPiece id="cs_wooden_morningstar_head" name="Nail Head" tier="2" piece_type="Blade" mesh="mace_head_22" distance_to_next_piece="7.6" distance_to_previous_piece="4.1" weight="0.6" full_scale="true">
    <PieceUsages unavailable_usages="" />
    <BladeData stack_amount="3" physics_material="wood_weapon" body_name="bo_mace_a">
      <Swing damage_type="Blunt" damage_factor="2.5" />
    </BladeData>
    <Materials>
      <Material id="Iron2" count="3" />
    </Materials>
  </CraftingPiece>
  <CraftingPiece id="cs_wooden_morningstar_head_2" name="Spiked Head" tier="2" piece_type="Blade" mesh="mace_head_23" distance_to_next_piece="11.4" distance_to_previous_piece="6.2" weight="0.6" full_scale="true">
    <PieceUsages unavailable_usages="" />
    <BladeData stack_amount="3" physics_material="wood_weapon" body_name="bo_mace_a">
      <Swing damage_type="Blunt" damage_factor="2.5" />
    </BladeData>
    <Materials>
      <Material id="Iron2" count="3" />
    </Materials>
  </CraftingPiece>
  <CraftingPiece id="cs_s_morningstar_shaft" name="Oaken Great Mace Shaft" tier="4" piece_type="Handle" mesh="axe_craft_31_handle" length="140" weight="0.516">
    <PieceUsages unavailable_usages="OneHandedAxe" />
    <BuildData piece_offset="20" next_piece_offset="1.835" />
    <Materials>
      <Material id="Wood" count="2" />
    </Materials>
  </CraftingPiece>
  <CraftingPiece id="cs_wooden_morningstar_head_3" name="Long Spiked Club" tier="2" piece_type="Blade" mesh="mace_head_5" length="25.5" weight="1.0" full_scale="true">
    <PieceUsages unavailable_usages="" />
    <BladeData stack_amount="3" physics_material="wood_weapon" body_name="bo_mace_a">
      <Swing damage_type="Blunt" damage_factor="2.7" />
    </BladeData>
    <Materials>
      <Material id="Iron2" count="2" />
      <Material id="Wood" count="2" />
    </Materials>
  </CraftingPiece>
  <CraftingPiece id="cs_ls_morningstar_shaft" name="Leather Wrapped Two Handed Ash Shaft" tier="3" piece_type="Handle" mesh="axe_craft_29_handle" length="120" weight="0.516">
    <PieceUsages unavailable_usages="OneHandedAxe" />
    <BuildData piece_offset="20" next_piece_offset="1.835" />
    <Materials>
      <Material id="Wood" count="2" />
    </Materials>
  </CraftingPiece>
  <CraftingPiece id="cs_blunt_spear_head" name="Blunt Club Head" tier="2" piece_type="Blade" mesh="mace_head_6" length="11.4" weight="1.3" full_scale="true">
    <PieceUsages unavailable_usages="" />
    <BladeData stack_amount="6" physics_material="wood_weapon" body_name="bo_mace_a">
      <Thrust damage_type="Blunt" damage_factor="1.6" />
      <Swing damage_type="Blunt" damage_factor="1.3" />
    </BladeData>
    <Materials>
      <Material id="Iron2" count="2" />
    </Materials>
  </CraftingPiece>
  <CraftingPiece id="cs_morningstar_shaft" name="Studded Ash Morningstar Shaft" tier="4" piece_type="Handle" mesh="axe_craft_9_handle" length="157.7" weight="0.672" item_holster_pos_shift="0,0,-0.1">
    <PieceUsages unavailable_usages="" />
    <BuildData piece_offset="30.86" next_piece_offset="1.69" />
    <Materials>
      <Material id="Wood" count="2" />
    </Materials>
  </CraftingPiece>
  <CraftingPiece id="cs_morningstar_head" name="Morningstar Head" tier="3" piece_type="Blade" mesh="mace_head_9" length="16.7" weight="0.8" full_scale="true">
    <PieceUsages unavailable_usages="" />
    <BladeData stack_amount="3" physics_material="wood_weapon" body_name="bo_mace_a">
      <Swing damage_type="Blunt" damage_factor="3.5" />
    </BladeData>
    <Materials>
      <Material id="Iron3" count="3" />
    </Materials>
  </CraftingPiece>
  <CraftingPiece id="cs_throwing_club_handle" name="Short Club Handle" tier="2" piece_type="Handle" mesh="sickle_handle_1" length="12.8" weight="0.340" item_holster_pos_shift="0,0,-0.15" CraftingCost="75">
    <PieceUsages unavailable_usages="" />
    <BuildData piece_offset="13.7" />
    <Materials>
      <Material id="Wood" count="1" />
    </Materials>
  </CraftingPiece>
  <CraftingPiece id="cs_club_handle" name="Shabby Club Materials" tier="2" piece_type="Handle" mesh="torch_g" length="42.8" weight="1.959" item_holster_pos_shift="0,0,0.49" CraftingCost="75">
    <PieceUsages unavailable_usages="" />
    <BuildData piece_offset="-5.7" />
    <Materials>
      <Material id="Wood" count="1" />
    </Materials>
  </CraftingPiece>
  <CraftingPiece id="cs_no_head" name="Empty" tier="1" piece_type="Blade" mesh="" length="15.4" weight="0.2" full_scale="true" excluded_item_usage_features="thrust">
    <PieceUsages unavailable_usages="" />
    <BuildData piece_offset="0" next_piece_offset="0" />
    <BladeData stack_amount="6" physics_material="wood_weapon" body_name="bo_mace_a">
      <Swing damage_type="Blunt" damage_factor="1.7" />
    </BladeData>
    <Flags>
      <Flag name="CanBePickedUpFromCorpse" type="ItemFlags" />
    </Flags>
    <Materials>
      <Material id="Wood" count="1" />
    </Materials>
  </CraftingPiece>
  <CraftingPiece id="cs_halberd_head" name="Broad Axe Head" tier="3" piece_type="Blade" mesh="axe_craft_25_head" distance_to_next_piece="14.96" distance_to_previous_piece="1.312" weight="0.5296">
    <PieceUsages unavailable_usages="OneHandedPolearm:TwoHandedPolearm_Couchable:Javelin:thrust" />
    <BuildData piece_offset="0.024" />
    <BladeData stack_amount="3" blade_length="25.281" blade_width="31.8" physics_material="metal_weapon" body_name="bo_axe_longer_b">
      <Swing damage_type="Cut" damage_factor="3.3" />
      <Thrust damage_type="Pierce" damage_factor="2.0" />
    </BladeData>
    <Flags>
      <Flag name="CanBePickedUpFromCorpse" type="ItemFlags" />
    </Flags>
    <Materials>
      <Material id="Iron5" count="2" />
      <Material id="Iron4" count="2" />
    </Materials>
  </CraftingPiece>
  <CraftingPiece id="cs_halberd_handle" name="Oaken Shaft With Pointy End" tier="5" piece_type="Handle" mesh="axe_craft_16_handle" length="106" weight="0.25" item_holster_pos_shift="0,0,-0.05">
    <PieceUsages unavailable_usages="OneHandedPolearm:Javelin" />
    <BuildData piece_offset="30" next_piece_offset="13" />
    <Materials>
      <Material id="Wood" count="1" />
      <Material id="Iron4" count="1" />
    </Materials>
  </CraftingPiece>
  <CraftingPiece id="cs_barbarian_pike_shaft" name="Wrapped Oaken Long Shaft" tier="3" piece_type="Handle" mesh="spear_handle_18" excluded_item_usage_features="long" length="200" weight="1.6">
    <PieceUsages unavailable_usages="OneHandedPolearm:Javelin" />
    <BuildData piece_offset="22.9" />
    <Materials>
      <Material id="Wood" count="4" />
    </Materials>
  </CraftingPiece>
  <CraftingPiece id="cs_harpoon_shaft" name="Wrapped Harpoon Long Shaft" tier="3" piece_type="Handle" mesh="spear_handle_22" length="240" weight="1.6">
    <PieceUsages unavailable_usages="TwoHandedPolearm_Couchable:TwoHandedPolearm_Bracing" />
    <BuildData piece_offset="22.9" />
    <Materials>
      <Material id="Wood" count="2" />
    </Materials>
  </CraftingPiece>
</CraftingPieces>