﻿<?xml version="1.0" encoding="utf-8"?>
<EquipmentRosters>
  <EquipmentRoster id="cs_desertcult_template_genericlord">
    <EquipmentSet>
        <Equipment id="Item.aserai_noble_sword_3_t5" slot="Item0"/>
        <Equipment id="Item.battania_shield_targe_a" slot="Item1"/>
        <Equipment id="Item.woven_turban" slot="Head"/>
        <Equipment id="Item.southern_lamellar_armor" slot="Body"/>
        <Equipment id="Item.northern_brass_bracers" slot="Gloves"/>
        <Equipment id="Item.brass_scale_shoulders" slot="Cape"/>
        <Equipment id="Item.eastern_leather_boots" slot="Leg"/>
	    <Equipment id="Item.special_camel" slot="Horse"/>
        <Equipment id="Item.camel_saddle" slot="HorseHarness"/>
    </EquipmentSet>
  </EquipmentRoster>
  <EquipmentRoster id="cs_desertcult_template_genericlord_civic">
    <EquipmentSet civilian="true">
        <Equipment id="Item.aserai_noble_sword_3_t5" slot="Item0"/>
        <Equipment id="Item.turban" slot="Head"/>
        <Equipment id="Item.light_tunic" slot="Body"/>
        <Equipment id="Item.eastern_leather_boots" slot="Leg"/>
    </EquipmentSet>
  </EquipmentRoster>
  <EquipmentRoster id="cs_desertcult_template_highlord">
    <EquipmentSet>
        <Equipment id="Item.aserai_noble_sword_3_t5" slot="Item0"/>
        <Equipment id="Item.battania_shield_targe_a" slot="Item1"/>
        <Equipment id="Item.tuareg" slot="Head"/>
        <Equipment id="Item.aserai_archer_armor" slot="Body"/>
        <Equipment id="Item.northern_brass_bracers" slot="Gloves"/>
        <Equipment id="Item.wrapped_scarf" slot="Cape"/>
        <Equipment id="Item.mail_cavalier_boots" slot="Leg"/>
	    <Equipment id="Item.special_camel" slot="Horse"/>
        <Equipment id="Item.camel_saddle" slot="HorseHarness"/>
    </EquipmentSet>
  </EquipmentRoster>
  <EquipmentRoster id="cs_desertcult_template_highlord_civic">
    <EquipmentSet civilian="true">
        <Equipment id="Item.aserai_noble_sword_3_t5" slot="Item0"/>
        <Equipment id="Item.tuareg" slot="Head"/>
        <Equipment id="Item.eastern_silk_clothing" slot="Body"/>
        <Equipment id="Item.eastern_leather_boots" slot="Leg"/>
    </EquipmentSet>
  </EquipmentRoster>
  
  <EquipmentRoster id="cs_redemptive_template_lord">
    <EquipmentSet>
        <Equipment id="Item.vlandia_lance_3_t5" slot="Item0"/>
        <Equipment id="Item.chivalric_kite_shield" slot="Item1"/>
        <Equipment id="Item.morningstar_mace_t3" slot="Item2"/>
        <Equipment id="Item.pointed_skullcap_over_mail_coif" slot="Head"/>
        <Equipment id="Item.pauldron_cape_a" slot="Cape"/>
        <Equipment id="Item.leather_and_iron_plate_armor" slot="Body"/>
        <Equipment id="Item.lordly_mail_mitten" slot="Gloves"/>
        <Equipment id="Item.mail_cavalier_boots" slot="Leg"/>
	    <Equipment id="Item.storm_charger" slot="Horse"/>
        <Equipment id="Item.chain_barding" slot="HorseHarness"/>
    </EquipmentSet>
  </EquipmentRoster>
  <EquipmentRoster id="cs_redemptive_template_grandinquisitor">
    <EquipmentSet>
        <Equipment id="Item.cs_2h_morningstar_t4" slot="Item0"/>
        <Equipment id="Item.nasal_helmet_over_mail_coif" slot="Head"/>
        <Equipment id="Item.pauldron_cape_a" slot="Cape"/>
        <Equipment id="Item.monk_robe" slot="Body"/>
        <Equipment id="Item.decorated_imperial_gauntlets" slot="Gloves"/>
        <Equipment id="Item.decorated_imperial_boots" slot="Leg"/>
	    <Equipment id="Item.storm_charger" slot="Horse"/>
        <Equipment id="Item.chain_barding" slot="HorseHarness"/>
    </EquipmentSet>
  </EquipmentRoster>
  <EquipmentRoster id="cs_redemptive_template_lady_civic">
    <EquipmentSet civilian="true">
        <Equipment id="Item.vlandian_woman_dress" slot="Body"/>
        <Equipment id="Item.ladys_shoe" slot="Leg"/>
    </EquipmentSet>
  </EquipmentRoster>
  <EquipmentRoster id="cs_redemptive_template_lord_civic">
    <EquipmentSet civilian="true">
        <Equipment id="Item.morningstar_mace_t3" slot="Item0"/>
        <Equipment id="Item.leather_coat" slot="Body"/>
        <Equipment id="Item.leather_cavalier_boots" slot="Leg"/>
    </EquipmentSet>
  </EquipmentRoster>
  <EquipmentRoster id="cs_redemptive_template_inquisitor_civic">
    <EquipmentSet civilian="true">
        <Equipment id="Item.monk_robe" slot="Body"/>
        <Equipment id="Item.decorated_imperial_boots" slot="Leg"/>
    </EquipmentSet>
  </EquipmentRoster>

  <EquipmentRoster id="cs_wrath_template_cultlord">
    <EquipmentSet>
        <Equipment id="Item.cs_wrathbringer" slot="Item0"/>
        <Equipment id="Item.battania_civil_hood" slot="Head"/>
        <Equipment id="Item.wrapped_scarf" slot="Cape"/>
        <Equipment id="Item.lamellar_plate_gauntlets" slot="Gloves"/>
        <Equipment id="Item.imperial_lamellar_over_leather" slot="Body"/>
        <Equipment id="Item.lamellar_plate_boots" slot="Leg"/>
    </EquipmentSet>
  </EquipmentRoster>
  <EquipmentRoster id="cs_wrath_template_cultcivic">
    <EquipmentSet civilian="true">
        <Equipment id="Item.cs_nailmace_t3" slot="Item0" />
        <Equipment id="Item.female_head_wrap" slot="Head"/>
        <Equipment id="Item.scarf" slot="Cape"/>
        <Equipment id="Item.long_woolen_tunic" slot="Body"/>
        <Equipment id="Item.fine_town_boots" slot="Leg"/>
    </EquipmentSet>
  </EquipmentRoster>
  
  <EquipmentRoster id="cs_manhunter_template_lord">
    <EquipmentSet>
        <Equipment id="Item.empire_mace_5_t5" slot="Item0"/>
        <Equipment id="Item.wide_heater_shield" slot="Item1"/>
        <Equipment id="Item.pointed_skullcap_over_mail" slot="Head"/>
        <Equipment id="Item.imperial_lamellar_over_leather" slot="Body"/>
        <Equipment id="Item.decorated_imperial_gauntlets" slot="Gloves"/>
        <Equipment id="Item.decorated_imperial_boots" slot="Leg"/>
        <Equipment id="Item.studded_imperial_neckguard" slot="Cape"/>
        <Equipment id="Item.noble_horse" slot="Horse"/>
        <Equipment id="Item.imperial_riding_harness" slot="HorseHarness"/>
    </EquipmentSet>
  </EquipmentRoster>
  <EquipmentRoster id="cs_manhunter_template_civic">
    <EquipmentSet civilian="true">
        <Equipment id="Item.empire_mace_5_t5" slot="Item0"/>
        <Equipment id="Item.wrapped_scarf" slot="Cape"/>
        <Equipment id="Item.imperial_lamellar_over_leather" slot="Body"/>
        <Equipment id="Item.decorated_imperial_boots" slot="Leg"/>
    </EquipmentSet>
  </EquipmentRoster>
  
  <EquipmentRoster id="cs_razesraiders_template_lord">
    <EquipmentSet>
        <Equipment id="Item.battania_polearm_1_t5" slot="Item0"/>
        <Equipment id="Item.vlandia_noble_sword_1_t5" slot="Item1"/>
        <Equipment id="Item.tall_heater_shield" slot="Item2"/>
        <Equipment id="Item.eastern_javelin_3_t4" slot="Item3"/>
        <Equipment id="Item.eastern_vendel_helmet" slot="Head"/>
        <Equipment id="Item.stitched_leather_over_mail" slot="Body"/>
        <Equipment id="Item.reinforced_padded_mitten" slot="Gloves"/>
        <Equipment id="Item.studded_imperial_neckguard" slot="Cape"/>
        <Equipment id="Item.northern_plated_boots" slot="Leg"/>
        <Equipment id="Item.storm_charger" slot="Horse"/>
        <Equipment id="Item.imperial_scale_barding" slot="HorseHarness"/>
    </EquipmentSet>
  </EquipmentRoster>
  <EquipmentRoster id="cs_razesraiders_template_civic">
    <EquipmentSet civilian="true">
        <Equipment id="Item.vlandia_noble_sword_1_t5" slot="Item0"/>
        <Equipment id="Item.wrapped_scarf" slot="Cape"/>
        <Equipment id="Item.studded_leather_coat" slot="Body"/>
        <Equipment id="Item.buttoned_leather_bracers" slot="Gloves"/>
        <Equipment id="Item.eastern_leather_boots" slot="Leg"/>
    </EquipmentSet>
  </EquipmentRoster>
  <EquipmentRoster id="cs_slavecoast_template_lord">
    <EquipmentSet>
        <Equipment id="Item.southern_spear_3_t4" slot="Item0"/>
        <Equipment id="Item.steel_round_shield" slot="Item1"/>
        <Equipment id="Item.empire_mace_4_t5" slot="Item2"/>
        <Equipment id="Item.plumed_helmet" slot="Head"/>
        <Equipment id="Item.bolted_leather_strips" slot="Cape"/>
        <Equipment id="Item.buttoned_leather_bracers" slot="Gloves"/>
        <Equipment id="Item.empire_horseman_armor" slot="Body"/>
        <Equipment id="Item.decorated_imperial_boots" slot="Leg"/>
    </EquipmentSet>
  </EquipmentRoster>
  <EquipmentRoster id="cs_slavecoast_template_civic">
    <EquipmentSet civilian="true">
        <Equipment id="Item.empire_mace_4_t5" slot="Item0"/>
        <Equipment id="Item.wrapped_scarf" slot="Cape"/>
        <Equipment id="Item.padded_leather_shirt" slot="Body"/>
        <Equipment id="Item.empire_horseman_boots" slot="Leg"/>
    </EquipmentSet>
  </EquipmentRoster>
  <EquipmentRoster id="cs_obaktu_template_lord">
    <EquipmentSet>
        <Equipment id="Item.shishpar_mace_t4" slot="Item0"/>
        <Equipment id="Item.emirs_oval_shield" slot="Item1"/>
        <Equipment id="Item.cs_throwing_club" slot="Item2"/>
        <Equipment id="Item.cs_throwing_club" slot="Item3"/>
        <Equipment id="Item.wolfhead" slot="Head"/>
        <Equipment id="Item.wolf_shoulder" slot="Cape"/>
        <Equipment id="Item.northern_brass_bracers" slot="Gloves"/>
        <Equipment id="Item.bandit_fur_b" slot="Body"/>
        <Equipment id="Item.battania_fur_boots" slot="Leg"/>
    </EquipmentSet>
  </EquipmentRoster>
  <EquipmentRoster id="cs_obaktu_template_civic">
    <EquipmentSet civilian="true">
        <Equipment id="Item.shishpar_mace_t4" slot="Item0"/>
        <Equipment id="Item.bandit_fur_b" slot="Body"/>
        <Equipment id="Item.leopard_pelt" slot="Cape"/>
        <Equipment id="Item.northern_brass_bracers" slot="Gloves"/>
        <Equipment id="Item.battania_fur_boots" slot="Leg"/>
    </EquipmentSet>
  </EquipmentRoster>
  
  <EquipmentRoster id="cs_bjorning_template_lord">
    <EquipmentSet>
        <Equipment id="Item.battania_axe_3_t5" slot="Item0"/>
        <Equipment id="Item.heavy_round_shield" slot="Item1"/>
        <Equipment id="Item.sturgia_2haxe_2_t5" slot="Item2"/>
        <Equipment id="Item.lendman_helmet_over_mail" slot="Head"/>
        <Equipment id="Item.northern_coat_of_plates" slot="Body"/>
        <Equipment id="Item.rough_bearskin" slot="Cape"/>
        <Equipment id="Item.plated_strip_gauntlets" slot="Gloves"/>
        <Equipment id="Item.northern_plated_boots" slot="Leg"/>
        <Equipment id="Item.storm_charger" slot="Horse"/>
        <Equipment id="Item.northern_ring_barding" slot="HorseHarness"/>
    </EquipmentSet>
  </EquipmentRoster>
  <EquipmentRoster id="cs_bjorning_template_civic">
    <EquipmentSet civilian="true">
        <Equipment id="Item.battania_axe_3_t5" slot="Item0"/>
        <Equipment id="Item.rough_bearskin" slot="Cape"/>
        <Equipment id="Item.nordic_sloven" slot="Body"/>
        <Equipment id="Item.battania_leather_boots" slot="Leg"/>
    </EquipmentSet>
  </EquipmentRoster>
  <EquipmentRoster id="cs_bloodsworn_template_lord">
    <EquipmentSet>
        <Equipment id="Item.cs_broad_axe" slot="Item0"/>
        <Equipment id="Item.woodland_throwing_axe_1_t1" slot="Item1"/>
        <Equipment id="Item.woodland_throwing_axe_1_t1" slot="Item2"/>
        <Equipment id="Item.spiked_helmet" slot="Head"/>
        <Equipment id="Item.battania_mercenary_armor" slot="Body"/>
        <Equipment id="Item.battania_shoulder_strap_cloak" slot="Cape"/>
        <Equipment id="Item.battania_woodland_boots" slot="Leg"/>
    </EquipmentSet>
  </EquipmentRoster>
  <EquipmentRoster id="cs_bloodsworn_template_civic">
    <EquipmentSet civilian="true">
        <Equipment id="Item.cs_broad_axe" slot="Item0"/>
        <Equipment id="Item.sackcloth_tunic" slot="Body"/>
        <Equipment id="Item.buttoned_leather_bracers" slot="Gloves"/>
        <Equipment id="Item.battania_cloak" slot="Cape"/>
        <Equipment id="Item.strapped_shoes" slot="Leg"/>
    </EquipmentSet>
  </EquipmentRoster>
  <EquipmentRoster id="cs_sellswords_template_boss">
    <EquipmentSet>
        <Equipment id="Item.short_sword_t3" slot="Item0"/>
        <Equipment id="Item.nordic_leather_cap" slot="Head"/>
        <Equipment id="Item.merchants_fur_coat" slot="Body"/>
        <Equipment id="Item.fine_town_boots" slot="Leg"/>
        <Equipment id="Item.charger" slot="Horse" />
        <Equipment id="Item.light_harness" slot="HorseHarness" />
    </EquipmentSet>
  </EquipmentRoster>
  <EquipmentRoster id="cs_sellswords_template_civic">
    <EquipmentSet civilian="true">
        <Equipment id="Item.short_sword_t3" slot="Item0"/>
        <Equipment id="Item.merchants_fur_coat" slot="Body"/>
        <Equipment id="Item.fine_town_boots" slot="Leg"/>
    </EquipmentSet>
  </EquipmentRoster>
  
  <EquipmentRoster id="cs_revolutionaries_template_lord">
    <EquipmentSet>
        <Equipment id="Item.western_spear_3_t3" slot="Item0"/>
        <Equipment id="Item.jousting_shield" slot="Item1"/>
        <Equipment id="Item.star_falchion_sword_t3" slot="Item2"/>
        <Equipment id="Item.imperial_mail_over_leather" slot="Body"/>
        <Equipment id="Item.ragged_boots" slot="Leg"/>
        <Equipment id="Item.cervelliere_over_padded_cap" slot="Head"/>
        <Equipment id="Item.guarded_armwraps" slot="Gloves"/>
        <Equipment id="Item.hood" slot="Cape"/>
    </EquipmentSet>
  </EquipmentRoster>
  <EquipmentRoster id="cs_revolutionaries_template_civic">
    <EquipmentSet civilian="true">
        <Equipment id="Item.short_sword_t3" slot="Item0"/>
        <Equipment id="Item.patched_gambeson" slot="Body"/>
        <Equipment id="Item.ragged_boots" slot="Leg"/>
        <Equipment id="Item.guarded_armwraps" slot="Gloves"/>
        <Equipment id="Item.hood" slot="Cape"/>
    </EquipmentSet>
  </EquipmentRoster>
  <EquipmentRoster id="cs_revolutionaries_template_female_civic">
    <EquipmentSet civilian="true">
        <Equipment id="Item.short_sword_t3" slot="Item0"/>
        <Equipment id="Item.battania_female_civil_a" slot="Body"/>
        <Equipment id="Item.ragged_boots" slot="Leg"/>
        <Equipment id="Item.female_hood" slot="Cape"/>
    </EquipmentSet>
  </EquipmentRoster>
  <EquipmentRoster id="cs_outcast_template_lord">
    <EquipmentSet>
        <Equipment id="Item.sturgia_axe_5_t5" slot="Item0"/>
        <Equipment id="Item.leather_round_shield" slot="Item1"/>
        <Equipment id="Item.generic_javelin_1_t3" slot="Item2"/>
        <Equipment id="Item.rough_fur_armor" slot="Body"/>
        <Equipment id="Item.battania_fur_boots" slot="Leg"/>
    </EquipmentSet>
  </EquipmentRoster>
  <EquipmentRoster id="cs_outcast_template_civic">
    <EquipmentSet civilian="true">
        <Equipment id="Item.sturgia_axe_5_t5" slot="Item0"/>
        <Equipment id="Item.armored_baggy_trunks" slot="Body"/>
        <Equipment id="Item.guarded_padded_vambrace" slot="Gloves"/>
        <Equipment id="Item.rough_tied_boots" slot="Leg"/>
    </EquipmentSet>
  </EquipmentRoster>
  <EquipmentRoster id="cs_outcast_template_female_civic">
    <EquipmentSet civilian="true">
        <Equipment id="Item.sturgia_axe_5_t5" slot="Item0"/>
        <Equipment id="Item.long_fur_coat" slot="Body"/>
        <Equipment id="Item.rough_tied_boots" slot="Leg"/>
    </EquipmentSet>
  </EquipmentRoster>
  <EquipmentRoster id="cs_roamingbrigand_template_lord">
    <EquipmentSet>
        <Equipment id="Item.khuzait_lance_2_t4" slot="Item0"/>
        <Equipment id="Item.noyans_shield" slot="Item1"/>
        <Equipment id="Item.morningstar_mace_t3" slot="Item2"/>
        <Equipment id="Item.desert_lamellar" slot="Body"/>
        <Equipment id="Item.eastern_plated_leather_vambraces" slot="Gloves"/>
        <Equipment id="Item.feathered_spangenhelm_over_imperial_coif" slot="Head"/>
        <Equipment id="Item.wolf_shoulder" slot="Cape"/>
        <Equipment id="Item.plated_strip_boots" slot="Leg"/>
        <Equipment id="Item.storm_charger" slot="Horse"/>
        <Equipment id="Item.steppe_half_barding" slot="HorseHarness"/>
    </EquipmentSet>
  </EquipmentRoster>
  <EquipmentRoster id="cs_roamingbrigand_template_civic">
    <EquipmentSet civilian="true">
        <Equipment id="Item.morningstar_mace_t3" slot="Item0"/>
        <Equipment id="Item.desert_lamellar" slot="Body"/>
        <Equipment id="Item.eastern_plated_leather_vambraces" slot="Gloves"/>
        <Equipment id="Item.wolf_shoulder" slot="Cape"/>
        <Equipment id="Item.plated_strip_boots" slot="Leg"/>
    </EquipmentSet>
  </EquipmentRoster>
  
  <EquipmentRoster id="cs_barbarians_template_chieftain">
    <EquipmentSet>
        <Equipment id="Item.execution_axe" slot="Item0"/>
        <Equipment id="Item.battania_mercenary_armor" slot="Body"/>
        <Equipment id="Item.strapped_mail_chausses" slot="Leg"/>
        <Equipment id="Item.rough_bearskin" slot="Cape"/>
    </EquipmentSet>
    <EquipmentSet>
        <Equipment id="Item.execution_axe" slot="Item0"/>
        <Equipment id="Item.battania_mercenary_armor" slot="Body"/>
        <Equipment id="Item.strapped_mail_chausses" slot="Leg"/>
        <Equipment id="Item.battania_civil_cape" slot="Cape"/>
    </EquipmentSet>
    <EquipmentSet>
        <Equipment id="Item.execution_axe" slot="Item0"/>
        <Equipment id="Item.battania_mercenary_armor" slot="Body"/>
        <Equipment id="Item.strapped_mail_chausses" slot="Leg"/>
        <Equipment id="Item.bearskin" slot="Cape"/>
    </EquipmentSet>
  </EquipmentRoster>
  <EquipmentRoster id="cs_barbarians_template_civic">
    <EquipmentSet civilian="true">
        <Equipment id="Item.battania_axe_3_t5" slot="Item0"/>
        <Equipment id="Item.fur_skirt" slot="Body"/>
        <Equipment id="Item.battania_woodland_boots" slot="Leg"/>
        <Equipment id="Item.rough_bearskin" slot="Cape"/>
    </EquipmentSet>
  </EquipmentRoster>
  <EquipmentRoster id="cs_barbarians_template_female_civic">
    <EquipmentSet civilian="true">
        <Equipment id="Item.battania_axe_3_t5" slot="Item0"/>
        <Equipment id="Item.sleeveless_fur_coat" slot="Body"/>
        <Equipment id="Item.battania_woodland_boots" slot="Leg"/>
    </EquipmentSet>
  </EquipmentRoster>
  
  <EquipmentRoster id="cs_phoenix_template_lord">
    <EquipmentSet>
        <Equipment id="Item.vlandia_lance_3_t5" slot="Item0"/>
        <Equipment id="Item.chivalric_kite_shield" slot="Item1"/>
        <Equipment id="Item.morningstar_mace_t3" slot="Item2"/>
        <Equipment id="Item.visored_helmet_over_mail_coif" slot="Head"/>
        <Equipment id="Item.pauldron_cape_a" slot="Cape"/>
        <Equipment id="Item.lordly_mail_mitten" slot="Gloves"/>
        <Equipment id="Item.coat_of_plates_over_mail" slot="Body"/>
        <Equipment id="Item.mail_cavalier_boots" slot="Leg"/>
	    <Equipment id="Item.storm_charger" slot="Horse"/>
        <Equipment id="Item.chain_barding" slot="HorseHarness"/>
    </EquipmentSet>
  </EquipmentRoster>
  <EquipmentRoster id="cs_phoenix_template_civic">
    <EquipmentSet civilian="true">
        <Equipment id="Item.morningstar_mace_t3" slot="Item0"/>
        <Equipment id="Item.aketon" slot="Body"/>
        <Equipment id="Item.leather_gloves" slot="Gloves"/>
        <Equipment id="Item.strapped_shoes" slot="Leg"/>
    </EquipmentSet>
  </EquipmentRoster>
  
  <EquipmentRoster id="cs_makko_template_grandgeneral">
    <EquipmentSet>
        <Equipment id="Item.cs_eastern_dec_glaive" slot="Item0"/>
        <Equipment id="Item.composite_steppe_bow" slot="Item1"/>
        <Equipment id="Item.bodkin_arrows_a" slot="Item2"/>
        <Equipment id="Item.plumed_fur_lined_helmet" slot="Head"/>
        <Equipment id="Item.bearskin" slot="Cape"/>
        <Equipment id="Item.stitched_leather_over_mail" slot="Body"/>
        <Equipment id="Item.rough_tied_bracers" slot="Gloves"/>
        <Equipment id="Item.strapped_mail_chausses" slot="Leg"/>
        <Equipment id="Item.storm_charger" slot="Horse"/>
        <Equipment id="Item.studded_steppe_barding" slot="HorseHarness"/>
    </EquipmentSet>
  </EquipmentRoster>
  <EquipmentRoster id="cs_makko_template_civic">
    <EquipmentSet civilian="true">
        <Equipment id="Item.aserai_noble_sword_2_t5" slot="Item0"/>
        <Equipment id="Item.aserai_female_civil_hscarf_b" slot="Head"/>
        <Equipment id="Item.bearskin" slot="Cape"/>
        <Equipment id="Item.merchants_fur_coat" slot="Body"/>
        <Equipment id="Item.khuzait_curved_boots" slot="Leg"/>
    </EquipmentSet>
  </EquipmentRoster>
  
  <EquipmentRoster id="cs_humar_template_lord">
    <EquipmentSet>
        <Equipment id="Item.cs_humar_lance" slot="Item0"/>
        <Equipment id="Item.cs_humar_2h_sword_t5" slot="Item1"/>
        <Equipment id="Item.cs_humar_sword_t5" slot="Item2"/>
        <Equipment id="Item.khuzait_lamellar_strapped" slot="Body"/>
        <Equipment id="Item.lamellar_plate_gauntlets" slot="Gloves"/>
        <Equipment id="Item.khuzait_noble_helmet_with_fur" slot="Head"/>
        <Equipment id="Item.imperial_lamellar_shoulders" slot="Cape"/>
        <Equipment id="Item.northern_plated_boots" slot="Leg"/>
        <Equipment id="Item.storm_charger" slot="Horse"/>
        <Equipment id="Item.stripped_leather_harness" slot="HorseHarness"/>
    </EquipmentSet>
  </EquipmentRoster>
  <EquipmentRoster id="cs_humar_template_civic">
    <EquipmentSet civilian="true">
        <Equipment id="Item.cs_humar_sword_t5" slot="Item0"/>
        <Equipment id="Item.imperial_scale_barding" slot="Cape"/>
        <Equipment id="Item.imperial_robes" slot="Body"/>
        <Equipment id="Item.woven_leather_boots" slot="Leg"/>
    </EquipmentSet>
  </EquipmentRoster>
  
  <EquipmentRoster id="cs_madman_template_boss">
    <EquipmentSet>
        <Equipment id="Item.peasant_pitchfork_1_t1" slot="Item0"/>
    </EquipmentSet>
  </EquipmentRoster>
  <EquipmentRoster id="cs_madman_template_civic_ifyoucansaythat">
    <EquipmentSet civilian="true">
        <Equipment id="Item.peasant_pitchfork_1_t1" slot="Item0"/>
    </EquipmentSet>
  </EquipmentRoster>
</EquipmentRosters>