<?xml version="1.0" encoding="utf-8"?>
<partyTemplates>
	<!-- Bandits -->
    <MBPartyTemplate id="cs_mountain_raider_squad_template" >
      <stacks>
      	<PartyTemplateStack min_value="2" max_value="30" troop="NPCCharacter.cs_mountain_raider" />
        <PartyTemplateStack min_value="0" max_value="1" troop="NPCCharacter.mountain_bandits_chief" />
      </stacks>
    </MBPartyTemplate>
    <MBPartyTemplate id="cs_mountain_raider_boss_squad_template" >
      <stacks>
        <PartyTemplateStack min_value="10" max_value="10" troop="NPCCharacter.mountain_bandits_chief" />
        <PartyTemplateStack min_value="20" max_value="55" troop="NPCCharacter.cs_mountain_raider" />
        <PartyTemplateStack min_value="1" max_value="5" troop="NPCCharacter.cs_decent_crazed_man" />
        <PartyTemplateStack min_value="10" max_value="25" troop="NPCCharacter.mountain_bandits_raider" />
        <PartyTemplateStack min_value="25" max_value="55" troop="NPCCharacter.mountain_bandits_bandit" />
      </stacks>
    </MBPartyTemplate>
    <MBPartyTemplate id="cs_forest_trainer_group" >
      <stacks>
        <PartyTemplateStack min_value="1" max_value="3" troop="NPCCharacter.forest_bandits_chief" />
        <PartyTemplateStack min_value="3" max_value="7" troop="NPCCharacter.forest_bandits_raider" />
        <PartyTemplateStack min_value="12" max_value="25" troop="NPCCharacter.cs_forest_trainee" />
      </stacks>
    </MBPartyTemplate>
    <MBPartyTemplate id="cs_forest_ambushers" >
      <stacks>
        <PartyTemplateStack min_value="3" max_value="5" troop="NPCCharacter.forest_bandits_raider" />
        <PartyTemplateStack min_value="1" max_value="5" troop="NPCCharacter.cs_forest_trainee" />
        <PartyTemplateStack min_value="3" max_value="5" troop="NPCCharacter.cs_forest_waylay" />
      </stacks>
    </MBPartyTemplate>
    <MBPartyTemplate id="cs_forest_giant_trainer_group" >
      <stacks>
        <PartyTemplateStack min_value="5" max_value="20" troop="NPCCharacter.forest_bandits_chief" />
        <PartyTemplateStack min_value="20" max_value="40" troop="NPCCharacter.forest_bandits_raider" />
        <PartyTemplateStack min_value="80" max_value="120" troop="NPCCharacter.cs_forest_trainee" />
      </stacks>
    </MBPartyTemplate>

    <!-- Deserters -->
    <MBPartyTemplate id="cs_battania_deserters" >
      <stacks>
      	<PartyTemplateStack min_value="1" max_value="2" troop="NPCCharacter.battanian_hero" />
        <PartyTemplateStack min_value="1" max_value="2" troop="NPCCharacter.battanian_mounted_skirmisher" />
        <PartyTemplateStack min_value="1" max_value="2" troop="NPCCharacter.battanian_horseman" />
        <PartyTemplateStack min_value="1" max_value="3" troop="NPCCharacter.battanian_woodrunner" />
        <PartyTemplateStack min_value="1" max_value="3" troop="NPCCharacter.battanian_raider" />
        <PartyTemplateStack min_value="1" max_value="3" troop="NPCCharacter.battanian_skirmisher" />
        <PartyTemplateStack min_value="1" max_value="3" troop="NPCCharacter.battanian_wildling" />
        <PartyTemplateStack min_value="1" max_value="2" troop="NPCCharacter.battanian_falxman" />
        <PartyTemplateStack min_value="1" max_value="3" troop="NPCCharacter.battanian_highborn_youth" />
        <PartyTemplateStack min_value="1" max_value="3" troop="NPCCharacter.battanian_highborn_warrior" />
      </stacks>
    </MBPartyTemplate>
    <MBPartyTemplate id="cs_aserai_deserters" >
      <stacks>
      	<PartyTemplateStack min_value="1" max_value="2" troop="NPCCharacter.aserai_mameluke_cavalry" />
        <PartyTemplateStack min_value="2" max_value="2" troop="NPCCharacter.aserai_veteran_faris" />
        <PartyTemplateStack min_value="2" max_value="2" troop="NPCCharacter.aserai_faris" />
        <PartyTemplateStack min_value="2" max_value="3" troop="NPCCharacter.aserai_footman" />
        <PartyTemplateStack min_value="9" max_value="10" troop="NPCCharacter.aserai_tribesman" />
        <PartyTemplateStack min_value="2" max_value="3" troop="NPCCharacter.aserai_mameluke_axeman" />
        <PartyTemplateStack min_value="2" max_value="3" troop="NPCCharacter.aserai_mameluke_regular" />
        <PartyTemplateStack min_value="1" max_value="2" troop="NPCCharacter.aserai_veteran_infantry" />
        <PartyTemplateStack min_value="1" max_value="3" troop="NPCCharacter.aserai_skirmisher" />
        <PartyTemplateStack min_value="1" max_value="3" troop="NPCCharacter.aserai_archer" />
      </stacks>
    </MBPartyTemplate>
    <MBPartyTemplate id="cs_imperial_deserters" >
      <stacks>
      	<PartyTemplateStack min_value="1" max_value="2" troop="NPCCharacter.imperial_veteran_infantryman" />
        <PartyTemplateStack min_value="15" max_value="15" troop="NPCCharacter.imperial_recruit" />
        <PartyTemplateStack min_value="2" max_value="4" troop="NPCCharacter.imperial_infantryman" />
        <PartyTemplateStack min_value="2" max_value="5" troop="NPCCharacter.imperial_archer" />
        <PartyTemplateStack min_value="2" max_value="3" troop="NPCCharacter.imperial_equite" />
        <PartyTemplateStack min_value="2" max_value="3" troop="NPCCharacter.imperial_trained_archer" />
        <PartyTemplateStack min_value="2" max_value="2" troop="NPCCharacter.imperial_menavliaton" />
        <PartyTemplateStack min_value="2" max_value="2" troop="NPCCharacter.imperial_heavy_horseman" />
      </stacks>
    </MBPartyTemplate>
    <MBPartyTemplate id="cs_khuzait_deserters" >
      <stacks>
      	<PartyTemplateStack min_value="1" max_value="2" troop="NPCCharacter.khuzait_qanqli" />
        <PartyTemplateStack min_value="15" max_value="15" troop="NPCCharacter.khuzait_nomad" />
        <PartyTemplateStack min_value="5" max_value="7" troop="NPCCharacter.khuzait_footman" />
        <PartyTemplateStack min_value="1" max_value="5" troop="NPCCharacter.khuzait_tribal_warrior" />
        <PartyTemplateStack min_value="1" max_value="3" troop="NPCCharacter.khuzait_hunter" />
        <PartyTemplateStack min_value="1" max_value="3" troop="NPCCharacter.khuzait_spearman" />
        <PartyTemplateStack min_value="1" max_value="3" troop="NPCCharacter.khuzait_raider" />
        <PartyTemplateStack min_value="1" max_value="2" troop="NPCCharacter.khuzait_horseman" />
      </stacks>
    </MBPartyTemplate>
    <MBPartyTemplate id="cs_vlandia_deserters" >
      <stacks>
      	<PartyTemplateStack min_value="1" max_value="1" troop="NPCCharacter.vlandian_banner_knight" />
        <PartyTemplateStack min_value="8" max_value="10" troop="NPCCharacter.vlandian_recruit" />
        <PartyTemplateStack min_value="2" max_value="5" troop="NPCCharacter.vlandian_footman" />
        <PartyTemplateStack min_value="2" max_value="3" troop="NPCCharacter.vlandian_spearman" />
        <PartyTemplateStack min_value="2" max_value="3" troop="NPCCharacter.vlandian_billman" />
        <PartyTemplateStack min_value="1" max_value="3" troop="NPCCharacter.vlandian_infantry" />
        <PartyTemplateStack min_value="1" max_value="3" troop="NPCCharacter.vlandian_crossbowman" />
        <PartyTemplateStack min_value="1" max_value="3" troop="NPCCharacter.vlandian_hardened_crossbowman" />
        <PartyTemplateStack min_value="1" max_value="2" troop="NPCCharacter.vlandian_knight" />
        <PartyTemplateStack min_value="1" max_value="2" troop="NPCCharacter.vlandian_champion" />
      </stacks>
    </MBPartyTemplate>
    <MBPartyTemplate id="cs_sturgia_deserters" >
      <stacks>
      	<PartyTemplateStack min_value="3" max_value="4" troop="NPCCharacter.druzhinnik" />
        <PartyTemplateStack min_value="8" max_value="12" troop="NPCCharacter.sturgian_recruit" />
        <PartyTemplateStack min_value="3" max_value="6" troop="NPCCharacter.sturgian_warrior" />
        <PartyTemplateStack min_value="2" max_value="5" troop="NPCCharacter.sturgian_woodsman" />
        <PartyTemplateStack min_value="1" max_value="4" troop="NPCCharacter.sturgian_hunter" />
        <PartyTemplateStack min_value="1" max_value="3" troop="NPCCharacter.sturgian_archer" />
        <PartyTemplateStack min_value="1" max_value="3" troop="NPCCharacter.sturgian_soldier" />
        <PartyTemplateStack min_value="1" max_value="2" troop="NPCCharacter.sturgian_shock_troop" />
        <PartyTemplateStack min_value="1" max_value="2" troop="NPCCharacter.sturgian_veteran_warrior" />
      </stacks>
    </MBPartyTemplate>
    <MBPartyTemplate id="cs_united_deserters" >
      <stacks>
      	<PartyTemplateStack min_value="5" max_value="15" troop="NPCCharacter.druzhinnik" />
        <PartyTemplateStack min_value="5" max_value="15" troop="NPCCharacter.vlandian_sergeant" />
        <PartyTemplateStack min_value="5" max_value="15" troop="NPCCharacter.vlandian_vanguard" />
        <PartyTemplateStack min_value="5" max_value="15" troop="NPCCharacter.sturgian_veteran_warrior" />
        <PartyTemplateStack min_value="5" max_value="15" troop="NPCCharacter.khuzait_qanqli" />
        <PartyTemplateStack min_value="5" max_value="15" troop="NPCCharacter.khuzait_horseman" />
        <PartyTemplateStack min_value="5" max_value="15" troop="NPCCharacter.imperial_trained_archer" />
        <PartyTemplateStack min_value="5" max_value="15" troop="NPCCharacter.imperial_infantryman" />
        <PartyTemplateStack min_value="5" max_value="15" troop="NPCCharacter.aserai_mameluke_axeman" />
        <PartyTemplateStack min_value="5" max_value="15" troop="NPCCharacter.aserai_veteran_infantry" />
        <PartyTemplateStack min_value="5" max_value="15" troop="NPCCharacter.battanian_hero" />
        <PartyTemplateStack min_value="5" max_value="15" troop="NPCCharacter.battanian_wildling" />
      </stacks>
    </MBPartyTemplate>

    <!-- Madmen -->
    <MBPartyTemplate id="cs_madmen" >
      <stacks>
        <PartyTemplateStack min_value="2" max_value="7" troop="NPCCharacter.cs_crazed_man" />
      </stacks>
    </MBPartyTemplate>
    <MBPartyTemplate id="cs_jester" >
      <stacks>
        <PartyTemplateStack min_value="5" max_value="8" troop="NPCCharacter.cs_competent_madman" />
      </stacks>
    </MBPartyTemplate>
    <MBPartyTemplate id="cs_mad_uprising" >
      <stacks>
      	<PartyTemplateStack min_value="5" max_value="15" troop="NPCCharacter.cs_mad_lad" />
      	<PartyTemplateStack min_value="2" max_value="20" troop="NPCCharacter.cs_trained_madman" />
        <PartyTemplateStack min_value="20" max_value="50" troop="NPCCharacter.cs_competent_crazed_man" />
        <PartyTemplateStack min_value="210" max_value="320" troop="NPCCharacter.cs_crazed_man" />
      </stacks>
    </MBPartyTemplate>

    <!-- Enslavers -->
    <MBPartyTemplate id="cs_northern_enslavers" >
      <stacks>
        <PartyTemplateStack min_value="1" max_value="1" troop="NPCCharacter.cs_bjorning_skullboss" />
        <PartyTemplateStack min_value="1" max_value="8" troop="NPCCharacter.cs_bjorning_skulldrinker" />
        <PartyTemplateStack min_value="5" max_value="15" troop="NPCCharacter.cs_bjorning_headhunter" />
        <PartyTemplateStack min_value="3" max_value="7" troop="NPCCharacter.cs_bjorning_marauder" />
      </stacks>
    </MBPartyTemplate>
    <MBPartyTemplate id="cs_southern_enslavers" >
      <stacks>
        <PartyTemplateStack min_value="1" max_value="1" troop="NPCCharacter.cs_razes_raidboss" />
        <PartyTemplateStack min_value="0" max_value="3" troop="NPCCharacter.cs_razes_chosen" />
        <PartyTemplateStack min_value="2" max_value="6" troop="NPCCharacter.cs_enslaver" />
        <PartyTemplateStack min_value="5" max_value="25" troop="NPCCharacter.cs_razes_raider" />
      </stacks>
    </MBPartyTemplate>
    <MBPartyTemplate id="cs_obaktu_raid" >
      <stacks>
        <PartyTemplateStack min_value="1" max_value="1" troop="NPCCharacter.cs_obaktu_chief" />
        <PartyTemplateStack min_value="0" max_value="2" troop="NPCCharacter.cs_obaktu_bonebreaker" />
        <PartyTemplateStack min_value="2" max_value="5" troop="NPCCharacter.cs_obaktu_youth" />
        <PartyTemplateStack min_value="5" max_value="25" troop="NPCCharacter.cs_obaktu_clubman" />
      </stacks>
    </MBPartyTemplate>
    <MBPartyTemplate id="cs_slavecoast_raid" >
      <stacks>
        <PartyTemplateStack min_value="1" max_value="1" troop="NPCCharacter.cs_slavecoast_captain" />
        <PartyTemplateStack min_value="0" max_value="5" troop="NPCCharacter.cs_slavecoast_elite_slinger" />
        <PartyTemplateStack min_value="3" max_value="15" troop="NPCCharacter.cs_slavecoast_slinger" />
        <PartyTemplateStack min_value="0" max_value="5" troop="NPCCharacter.cs_slavecoast_elite_guardsman" />
        <PartyTemplateStack min_value="2" max_value="15" troop="NPCCharacter.cs_slavecoast_guardsman" />
        <PartyTemplateStack min_value="3" max_value="10" troop="NPCCharacter.cs_slavecoast_heloti" />
      </stacks>
    </MBPartyTemplate>
    <MBPartyTemplate id="cs_bloodsworn_raid" >
      <stacks>
        <PartyTemplateStack min_value="1" max_value="1" troop="NPCCharacter.cs_bloodsworn_chieftain" />
        <PartyTemplateStack min_value="0" max_value="6" troop="NPCCharacter.cs_bloodsworn_chosen_warrior" />
        <PartyTemplateStack min_value="1" max_value="15" troop="NPCCharacter.cs_bloodsworn_warrior" />
        <PartyTemplateStack min_value="5" max_value="10" troop="NPCCharacter.cs_bloodsworn_roughneck" />
      </stacks>
    </MBPartyTemplate>
    <MBPartyTemplate id="cs_sellsword_raid" >
      <stacks>
        <PartyTemplateStack min_value="1" max_value="1" troop="NPCCharacter.cs_sellsword_captain" />
        <PartyTemplateStack min_value="0" max_value="6" troop="NPCCharacter.cs_sellsword_elite" />
        <PartyTemplateStack min_value="0" max_value="10" troop="NPCCharacter.cs_sellsword_trainee" />
        <PartyTemplateStack min_value="5" max_value="16" troop="NPCCharacter.cs_sellsword" />
      </stacks>
    </MBPartyTemplate>
    <MBPartyTemplate id="cs_razes" >
      <stacks>
        <PartyTemplateStack min_value="1" max_value="8" troop="NPCCharacter.cs_battania_slave" />
        <PartyTemplateStack min_value="1" max_value="8" troop="NPCCharacter.cs_empire_slave" />
        <PartyTemplateStack min_value="1" max_value="8" troop="NPCCharacter.cs_sturgia_slave" />
        <PartyTemplateStack min_value="1" max_value="8" troop="NPCCharacter.cs_vlandia_slave" />
        <PartyTemplateStack min_value="1" max_value="8" troop="NPCCharacter.cs_barbarian_slave" />
      </stacks>
    </MBPartyTemplate>
    <MBPartyTemplate id="cs_björns" >
      <stacks>
        <PartyTemplateStack min_value="2" max_value="12" troop="NPCCharacter.cs_aserai_slave" />
        <PartyTemplateStack min_value="2" max_value="12" troop="NPCCharacter.cs_empire_slave" />
        <PartyTemplateStack min_value="2" max_value="12" troop="NPCCharacter.cs_khuzait_slave" />
      </stacks>
    </MBPartyTemplate>
    <MBPartyTemplate id="cs_northern_recruit_enslavers" >
      <stacks>
        <PartyTemplateStack min_value="1" max_value="1" troop="NPCCharacter.cs_bjorning_skullboss" />
        <PartyTemplateStack min_value="5" max_value="10" troop="NPCCharacter.cs_bjorning_skulldrinker" />
        <PartyTemplateStack min_value="15" max_value="25" troop="NPCCharacter.cs_bjorning_headhunter" />
        <PartyTemplateStack min_value="5" max_value="16" troop="NPCCharacter.cs_aserai_slave" />
        <PartyTemplateStack min_value="5" max_value="16" troop="NPCCharacter.cs_empire_slave" />
        <PartyTemplateStack min_value="5" max_value="16" troop="NPCCharacter.cs_khuzait_slave" />
      </stacks>
    </MBPartyTemplate>
    <MBPartyTemplate id="cs_southern_recruit_enslavers" >
      <stacks>
        <PartyTemplateStack min_value="1" max_value="1" troop="NPCCharacter.cs_razes_raidboss" />
        <PartyTemplateStack min_value="5" max_value="10" troop="NPCCharacter.cs_razes_chosen" />
        <PartyTemplateStack min_value="15" max_value="25" troop="NPCCharacter.cs_enslaver" />
        <PartyTemplateStack min_value="5" max_value="12" troop="NPCCharacter.cs_battania_slave" />
        <PartyTemplateStack min_value="5" max_value="12" troop="NPCCharacter.cs_empire_slave" />
        <PartyTemplateStack min_value="5" max_value="12" troop="NPCCharacter.cs_sturgia_slave" />
        <PartyTemplateStack min_value="5" max_value="12" troop="NPCCharacter.cs_vlandia_slave" />
        <PartyTemplateStack min_value="5" max_value="12" troop="NPCCharacter.cs_barbarian_slave" />
      </stacks>
    </MBPartyTemplate>
    <MBPartyTemplate id="cs_northern_giant_recruit_enslavers" >
      <stacks>
        <PartyTemplateStack min_value="1" max_value="1" troop="NPCCharacter.cs_bjorning_skullboss" />
        <PartyTemplateStack min_value="15" max_value="25" troop="NPCCharacter.cs_bjorning_skulldrinker" />
        <PartyTemplateStack min_value="35" max_value="65" troop="NPCCharacter.cs_bjorning_headhunter" />
        <PartyTemplateStack min_value="30" max_value="65" troop="NPCCharacter.cs_aserai_slave" />
        <PartyTemplateStack min_value="30" max_value="65" troop="NPCCharacter.cs_empire_slave" />
        <PartyTemplateStack min_value="30" max_value="65" troop="NPCCharacter.cs_khuzait_slave" />
      </stacks>
    </MBPartyTemplate>
    <MBPartyTemplate id="cs_southern_giant_recruit_enslavers" >
      <stacks>
        <PartyTemplateStack min_value="1" max_value="1" troop="NPCCharacter.cs_razes_raidboss" />
        <PartyTemplateStack min_value="15" max_value="25" troop="NPCCharacter.cs_razes_chosen" />
        <PartyTemplateStack min_value="35" max_value="45" troop="NPCCharacter.cs_enslaver" />
        <PartyTemplateStack min_value="20" max_value="45" troop="NPCCharacter.cs_battania_slave" />
        <PartyTemplateStack min_value="20" max_value="45" troop="NPCCharacter.cs_empire_slave" />
        <PartyTemplateStack min_value="20" max_value="45" troop="NPCCharacter.cs_sturgia_slave" />
        <PartyTemplateStack min_value="20" max_value="45" troop="NPCCharacter.cs_vlandia_slave" />
        <PartyTemplateStack min_value="20" max_value="45" troop="NPCCharacter.cs_barbarian_slave" />
      </stacks>
    </MBPartyTemplate>

    <!-- Desert Cult -->
    <MBPartyTemplate id="cs_desert_brainwasher" >
      <stacks>
        <PartyTemplateStack min_value="1" max_value="2" troop="NPCCharacter.cs_desert_cultsman" />
        <PartyTemplateStack min_value="5" max_value="10" troop="NPCCharacter.cs_desert_wanderer" />
      </stacks>
    </MBPartyTemplate>
    <MBPartyTemplate id="cs_desert_cult_militia" >
      <stacks>
        <PartyTemplateStack min_value="1" max_value="6" troop="NPCCharacter.cs_desert_high_cultsman" />
        <PartyTemplateStack min_value="1" max_value="6" troop="NPCCharacter.cs_desert_elite_marksman" />
        <PartyTemplateStack min_value="5" max_value="10" troop="NPCCharacter.cs_desert_marksman" />
        <PartyTemplateStack min_value="3" max_value="5" troop="NPCCharacter.cs_desert_cultsman" />
        <PartyTemplateStack min_value="1" max_value="5" troop="NPCCharacter.cs_desert_recruit" />
        <PartyTemplateStack min_value="5" max_value="10" troop="NPCCharacter.cs_desert_warrior" />
        <PartyTemplateStack min_value="5" max_value="10" troop="NPCCharacter.cs_desert_ranger" />
      </stacks>
    </MBPartyTemplate>
    <MBPartyTemplate id="cs_desert_cult_group" >
      <stacks>
        <PartyTemplateStack min_value="20" max_value="40" troop="NPCCharacter.cs_desert_cultsman" />
        <PartyTemplateStack min_value="40" max_value="70" troop="NPCCharacter.cs_desert_recruit" />
        <PartyTemplateStack min_value="30" max_value="50" troop="NPCCharacter.cs_desert_warrior" />
        <PartyTemplateStack min_value="30" max_value="50" troop="NPCCharacter.cs_desert_ranger" />
      </stacks>
    </MBPartyTemplate>

    <!-- Redemptive Order -->
    <MBPartyTemplate id="cs_redemptive_order_lord_group" >
      <stacks>
        <PartyTemplateStack min_value="15" max_value="40" troop="NPCCharacter.cs_redemptive_conscript" />
        <PartyTemplateStack min_value="10" max_value="30" troop="NPCCharacter.cs_redemptive_footman" />
        <PartyTemplateStack min_value="3" max_value="15" troop="NPCCharacter.cs_redemptive_sentry" />
        <PartyTemplateStack min_value="2" max_value="8" troop="NPCCharacter.cs_redemptive_crusader" />
        <PartyTemplateStack min_value="1" max_value="4" troop="NPCCharacter.cs_redemptive_juggernaut" />
        <PartyTemplateStack min_value="3" max_value="15" troop="NPCCharacter.cs_redemptive_guard" />
        <PartyTemplateStack min_value="2" max_value="8" troop="NPCCharacter.cs_redemptive_phalanx" />
        <PartyTemplateStack min_value="1" max_value="4" troop="NPCCharacter.cs_redemptive_moloch" />
		<PartyTemplateStack min_value="5" max_value="15" troop="NPCCharacter.cs_redemptive_levy_bowman" />
        <PartyTemplateStack min_value="3" max_value="8" troop="NPCCharacter.cs_redemptive_longbowman" />
        <PartyTemplateStack min_value="2" max_value="6" troop="NPCCharacter.cs_redemptive_veteran_longbowman" />
        <PartyTemplateStack min_value="1" max_value="4" troop="NPCCharacter.cs_redemptive_cloudpiercer" />
        <PartyTemplateStack min_value="3" max_value="10" troop="NPCCharacter.cs_redemptive_knight" />
        <PartyTemplateStack min_value="1" max_value="4" troop="NPCCharacter.cs_redemptive_grandknight" />
		<PartyTemplateStack min_value="1" max_value="5" troop="NPCCharacter.cs_redemptive_standardbearer" />
        <PartyTemplateStack min_value="0" max_value="12" troop="NPCCharacter.cs_redemptive_pilgrim" />
        <PartyTemplateStack min_value="0" max_value="8" troop="NPCCharacter.cs_redemptive_priest" />
        <PartyTemplateStack min_value="0" max_value="5" troop="NPCCharacter.cs_redemptive_inquisitor" />
      </stacks>
    </MBPartyTemplate>
	<MBPartyTemplate id="cs_ro_pilgrims_group" >
      <stacks>
        <PartyTemplateStack min_value="3" max_value="32" troop="NPCCharacter.cs_redemptive_pilgrim" />
        <PartyTemplateStack min_value="0" max_value="3" troop="NPCCharacter.cs_redemptive_priest" />
      </stacks>
    </MBPartyTemplate>
    <MBPartyTemplate id="cs_ro_inquisition_group" >
      <stacks>
        <PartyTemplateStack min_value="3" max_value="9" troop="NPCCharacter.cs_redemptive_inquisitor" />
        <PartyTemplateStack min_value="1" max_value="8" troop="NPCCharacter.cs_redemptive_footman" />
        <PartyTemplateStack min_value="1" max_value="8" troop="NPCCharacter.cs_redemptive_sentry" />
        <PartyTemplateStack min_value="1" max_value="6" troop="NPCCharacter.cs_redemptive_crusader" />
        <PartyTemplateStack min_value="1" max_value="6" troop="NPCCharacter.cs_redemptive_guard" />
        <PartyTemplateStack min_value="1" max_value="6" troop="NPCCharacter.cs_redemptive_longbowman" />
		<PartyTemplateStack min_value="1" max_value="3" troop="NPCCharacter.cs_redemptive_standardbearer" />
        <PartyTemplateStack min_value="2" max_value="6" troop="NPCCharacter.cs_redemptive_priest" />
      </stacks>
    </MBPartyTemplate>
    <MBPartyTemplate id="cs_ro_crusade_group" >
      <stacks>
        <PartyTemplateStack min_value="20" max_value="60" troop="NPCCharacter.cs_redemptive_knight" />
        <PartyTemplateStack min_value="15" max_value="40" troop="NPCCharacter.cs_redemptive_conscript" />
        <PartyTemplateStack min_value="20" max_value="100" troop="NPCCharacter.cs_redemptive_footman" />
        <PartyTemplateStack min_value="30" max_value="150" troop="NPCCharacter.cs_redemptive_sentry" />
        <PartyTemplateStack min_value="120" max_value="200" troop="NPCCharacter.cs_redemptive_crusader" />
        <PartyTemplateStack min_value="9" max_value="20" troop="NPCCharacter.cs_redemptive_juggernaut" />
        <PartyTemplateStack min_value="20" max_value="55" troop="NPCCharacter.cs_redemptive_guard" />
        <PartyTemplateStack min_value="15" max_value="40" troop="NPCCharacter.cs_redemptive_phalanx" />
        <PartyTemplateStack min_value="10" max_value="20" troop="NPCCharacter.cs_redemptive_moloch" />
		<PartyTemplateStack min_value="25" max_value="50" troop="NPCCharacter.cs_redemptive_levy_bowman" />
        <PartyTemplateStack min_value="20" max_value="40" troop="NPCCharacter.cs_redemptive_longbowman" />
        <PartyTemplateStack min_value="10" max_value="20" troop="NPCCharacter.cs_redemptive_veteran_longbowman" />
        <PartyTemplateStack min_value="5" max_value="10" troop="NPCCharacter.cs_redemptive_cloudpiercer" />
        <PartyTemplateStack min_value="8" max_value="15" troop="NPCCharacter.cs_redemptive_grandknight" />
		<PartyTemplateStack min_value="15" max_value="30" troop="NPCCharacter.cs_redemptive_standardbearer" />
        <PartyTemplateStack min_value="4" max_value="12" troop="NPCCharacter.cs_redemptive_priest" />
        <PartyTemplateStack min_value="3" max_value="10" troop="NPCCharacter.cs_redemptive_inquisitor" />
      </stacks>
    </MBPartyTemplate>

    <!-- Harbingers of Wrath -->
    <MBPartyTemplate id="cs_harbinger_of_wrath_lord_group" >
      <stacks>
        <PartyTemplateStack min_value="25" max_value="60" troop="NPCCharacter.cs_wrathful_fanatic" />
        <PartyTemplateStack min_value="15" max_value="30" troop="NPCCharacter.cs_wrathful_flagellant" />
        <PartyTemplateStack min_value="3" max_value="12" troop="NPCCharacter.cs_wrathful_bloodbrother" />
        <PartyTemplateStack min_value="2" max_value="8" troop="NPCCharacter.cs_wrathful_deathbrother" />
        <PartyTemplateStack min_value="1" max_value="4" troop="NPCCharacter.cs_wrathful_doombringer" />
        <PartyTemplateStack min_value="3" max_value="15" troop="NPCCharacter.cs_wrathful_lurker" />
        <PartyTemplateStack min_value="2" max_value="10" troop="NPCCharacter.cs_wrathful_marksman" />
        <PartyTemplateStack min_value="1" max_value="4" troop="NPCCharacter.cs_wrathful_veteranmarksman" />
        <PartyTemplateStack min_value="1" max_value="4" troop="NPCCharacter.cs_wrathful_purifier" />
        <PartyTemplateStack min_value="2" max_value="8" troop="NPCCharacter.cs_wrathful_punisher" />
        <PartyTemplateStack min_value="3" max_value="15" troop="NPCCharacter.cs_wrathful_rider" />
        <PartyTemplateStack min_value="3" max_value="15" troop="NPCCharacter.cs_wrathful_cultist" />
        <PartyTemplateStack min_value="2" max_value="10" troop="NPCCharacter.cs_wrathful_zealot" />
        <PartyTemplateStack min_value="1" max_value="5" troop="NPCCharacter.cs_wrathful_ascendant" />
        <PartyTemplateStack min_value="1" max_value="3" troop="NPCCharacter.cs_wrathful_standardbearer" />
      </stacks>
    </MBPartyTemplate>
    <MBPartyTemplate id="cs_how_cultists_group" >
      <stacks>
        <PartyTemplateStack min_value="3" max_value="15" troop="NPCCharacter.cs_wrathful_cultist" />
        <PartyTemplateStack min_value="2" max_value="5" troop="NPCCharacter.cs_wrathful_zealot" />
      </stacks>
    </MBPartyTemplate>

    <MBPartyTemplate id="cs_how_doomhost_group" >
      <stacks>
        <PartyTemplateStack min_value="5" max_value="25" troop="NPCCharacter.cs_wrathful_zealot" />
        <PartyTemplateStack min_value="70" max_value="150" troop="NPCCharacter.cs_wrathful_fanatic" />
        <PartyTemplateStack min_value="70" max_value="230" troop="NPCCharacter.cs_wrathful_flagellant" />
        <PartyTemplateStack min_value="24" max_value="48" troop="NPCCharacter.cs_wrathful_bloodbrother" />
        <PartyTemplateStack min_value="28" max_value="48" troop="NPCCharacter.cs_wrathful_deathbrother" />
        <PartyTemplateStack min_value="17" max_value="34" troop="NPCCharacter.cs_wrathful_doombringer" />
        <PartyTemplateStack min_value="15" max_value="35" troop="NPCCharacter.cs_wrathful_lurker" />
        <PartyTemplateStack min_value="4" max_value="10" troop="NPCCharacter.cs_wrathful_marksman" />
        <PartyTemplateStack min_value="8" max_value="14" troop="NPCCharacter.cs_wrathful_veteranmarksman" />
        <PartyTemplateStack min_value="1" max_value="14" troop="NPCCharacter.cs_wrathful_purifier" />
        <PartyTemplateStack min_value="2" max_value="18" troop="NPCCharacter.cs_wrathful_punisher" />
        <PartyTemplateStack min_value="3" max_value="45" troop="NPCCharacter.cs_wrathful_rider" />
        <PartyTemplateStack min_value="15" max_value="35" troop="NPCCharacter.cs_wrathful_cultist" />
        <PartyTemplateStack min_value="9" max_value="15" troop="NPCCharacter.cs_wrathful_ascendant" />
        <PartyTemplateStack min_value="3" max_value="8" troop="NPCCharacter.cs_wrathful_standardbearer" />
      </stacks>
    </MBPartyTemplate>

    <!-- Order of the Phoenix -->
    <MBPartyTemplate id="cs_order_of_the_phoenix_lord_group" >
      <stacks>
        <PartyTemplateStack min_value="4" max_value="9" troop="NPCCharacter.cs_phoenix_squire" />
        <PartyTemplateStack min_value="3" max_value="6" troop="NPCCharacter.cs_phoenix_scout" />
        <PartyTemplateStack min_value="1" max_value="5" troop="NPCCharacter.cs_phoenix_huntsman" />
        <PartyTemplateStack min_value="2" max_value="15" troop="NPCCharacter.cs_phoenix_knight" />
        <PartyTemplateStack min_value="1" max_value="4" troop="NPCCharacter.cs_phoenix_champion" />
        <PartyTemplateStack min_value="1" max_value="4" troop="NPCCharacter.cs_phoenix_paladin" />
        <PartyTemplateStack min_value="1" max_value="4" troop="NPCCharacter.cs_phoenix_standardbearer" />
        <PartyTemplateStack min_value="0" max_value="3" troop="NPCCharacter.cs_phoenix_heavystandardbearer" />
      </stacks>
    </MBPartyTemplate>
    <MBPartyTemplate id="cs_oftp_knights_errant_group" >
      <stacks>
        <PartyTemplateStack min_value="2" max_value="10" troop="NPCCharacter.cs_phoenix_knight" />
        <PartyTemplateStack min_value="1" max_value="3" troop="NPCCharacter.cs_phoenix_champion" />
        <PartyTemplateStack min_value="0" max_value="3" troop="NPCCharacter.cs_phoenix_paladin" />
        <PartyTemplateStack min_value="1" max_value="2" troop="NPCCharacter.cs_phoenix_heavystandardbearer" />
      </stacks>
    </MBPartyTemplate>
	<MBPartyTemplate id="cs_oftp_hunting_party_group" >
      <stacks>
        <PartyTemplateStack min_value="1" max_value="15" troop="NPCCharacter.cs_phoenix_huntsman" />
        <PartyTemplateStack min_value="1" max_value="15" troop="NPCCharacter.cs_phoenix_scout" />
      </stacks>
    </MBPartyTemplate>

    <!-- Peasants (Roaming Brigands) -->
    <MBPartyTemplate id="cs_mass_peasant_revolt" >
      <stacks>
        <PartyTemplateStack min_value="10" max_value="50" troop="NPCCharacter.cs_brigand_pillager" />
        <PartyTemplateStack min_value="50" max_value="200" troop="NPCCharacter.cs_brigand_thief" />
        <PartyTemplateStack min_value="50" max_value="200" troop="NPCCharacter.cs_brigand_vagabond" />
        <PartyTemplateStack min_value="1" max_value="20" troop="NPCCharacter.cs_brigand_sacker" />
        <PartyTemplateStack min_value="3" max_value="35" troop="NPCCharacter.cs_brigand_bazaar_trader" />
        <PartyTemplateStack min_value="2" max_value="30" troop="NPCCharacter.cs_brigand_gladiator" />
        <PartyTemplateStack min_value="1" max_value="30" troop="NPCCharacter.cs_brigand_arenamaster" />
        <PartyTemplateStack min_value="2" max_value="30" troop="NPCCharacter.cs_brigand_scholar" />
        <PartyTemplateStack min_value="2" max_value="15" troop="NPCCharacter.cs_brigand_assassin" />
      </stacks>
    </MBPartyTemplate>
    <MBPartyTemplate id="cs_peasant_revolt" >
      <stacks>
        <PartyTemplateStack min_value="5" max_value="15" troop="NPCCharacter.cs_brigand_raider" />
        <PartyTemplateStack min_value="30" max_value="50" troop="NPCCharacter.cs_brigand_thief" />
        <PartyTemplateStack min_value="20" max_value="40" troop="NPCCharacter.cs_brigand_vagabond" />
        <PartyTemplateStack min_value="1" max_value="8" troop="NPCCharacter.cs_brigand_pillager" />
        <PartyTemplateStack min_value="1" max_value="5" troop="NPCCharacter.cs_brigand_sacker" />
        <PartyTemplateStack min_value="3" max_value="10" troop="NPCCharacter.cs_brigand_bazaar_trader" />
        <PartyTemplateStack min_value="2" max_value="9" troop="NPCCharacter.cs_brigand_gladiator" />
        <PartyTemplateStack min_value="1" max_value="8" troop="NPCCharacter.cs_brigand_arenamaster" />
        <PartyTemplateStack min_value="2" max_value="10" troop="NPCCharacter.cs_brigand_scholar" />
        <PartyTemplateStack min_value="1" max_value="9" troop="NPCCharacter.cs_brigand_assassin" />
      </stacks>
    </MBPartyTemplate>
    <MBPartyTemplate id="cs_roaming_thieves" >
      <stacks>
        <PartyTemplateStack min_value="3" max_value="20" troop="NPCCharacter.cs_brigand_thief" />
        <PartyTemplateStack min_value="2" max_value="12" troop="NPCCharacter.cs_brigand_vagabond" />
      </stacks>
    </MBPartyTemplate>
    <MBPartyTemplate id="cs_roaming_arena_outlaws" >
      <stacks>
        <PartyTemplateStack min_value="5" max_value="30" troop="NPCCharacter.cs_brigand_gladiator" />
      </stacks>
    </MBPartyTemplate>

    <!-- Peasants (Revolutionaries) -->
    <MBPartyTemplate id="cs_peasant_revolutionary_revolt" >
      <stacks>
        <PartyTemplateStack min_value="80" max_value="190" troop="NPCCharacter.cs_angry_peasant" />
        <PartyTemplateStack min_value="25" max_value="35" troop="NPCCharacter.cs_furious_peasant" />
        <PartyTemplateStack min_value="1" max_value="8" troop="NPCCharacter.cs_western_furious_cook" />
        <PartyTemplateStack min_value="3" max_value="12" troop="NPCCharacter.cs_western_enraged_smith" />
        <PartyTemplateStack min_value="1" max_value="5" troop="NPCCharacter.cs_rebel_merchant" />
        <PartyTemplateStack min_value="1" max_value="10" troop="NPCCharacter.cs_rebel_tanner" />
        <PartyTemplateStack min_value="1" max_value="10" troop="NPCCharacter.cs_rebel_butcher" />
        <PartyTemplateStack min_value="1" max_value="3" troop="NPCCharacter.cs_rebel_tavernkeeper" />
        <PartyTemplateStack min_value="1" max_value="6" troop="NPCCharacter.cs_rebel_carawanist" />
        <PartyTemplateStack min_value="1" max_value="4" troop="NPCCharacter.cs_rebel_guildmaster" />
        <PartyTemplateStack min_value="3" max_value="10" troop="NPCCharacter.cs_rebel_armored_militia" />
        <PartyTemplateStack min_value="1" max_value="5" troop="NPCCharacter.cs_rebel_pikeman" />
        <PartyTemplateStack min_value="1" max_value="5" troop="NPCCharacter.cs_rebel_footman" />
      </stacks>
    </MBPartyTemplate>
    <MBPartyTemplate id="cs_angry_peasants" >
      <stacks>
        <PartyTemplateStack min_value="5" max_value="30" troop="NPCCharacter.cs_angry_peasant" />
      </stacks>
    </MBPartyTemplate>
    <MBPartyTemplate id="cs_mass_peasant_revolutionary_revolt" >
      <stacks>
        <PartyTemplateStack min_value="75" max_value="200" troop="NPCCharacter.cs_furious_peasant" />
        <PartyTemplateStack min_value="150" max_value="500" troop="NPCCharacter.cs_angry_peasant" />
        <PartyTemplateStack min_value="1" max_value="10" troop="NPCCharacter.cs_western_furious_cook" />
        <PartyTemplateStack min_value="1" max_value="15" troop="NPCCharacter.cs_western_enraged_smith" />
        <PartyTemplateStack min_value="4" max_value="20" troop="NPCCharacter.cs_rebel_merchant" />
        <PartyTemplateStack min_value="1" max_value="15" troop="NPCCharacter.cs_rebel_tanner" />
        <PartyTemplateStack min_value="4" max_value="20" troop="NPCCharacter.cs_rebel_butcher" />
        <PartyTemplateStack min_value="1" max_value="10" troop="NPCCharacter.cs_rebel_tavernkeeper" />
        <PartyTemplateStack min_value="1" max_value="15" troop="NPCCharacter.cs_rebel_carawanist" />
        <PartyTemplateStack min_value="1" max_value="10" troop="NPCCharacter.cs_rebel_guildmaster" />
        <PartyTemplateStack min_value="3" max_value="50" troop="NPCCharacter.cs_rebel_armored_militia" />
        <PartyTemplateStack min_value="1" max_value="20" troop="NPCCharacter.cs_rebel_pikeman" />
        <PartyTemplateStack min_value="1" max_value="20" troop="NPCCharacter.cs_rebel_footman" />
      </stacks>
    </MBPartyTemplate>

    <!-- Peasants (Outcasts) -->
    <MBPartyTemplate id="cs_peasant_absolutist_revolt" >
      <stacks>
        <PartyTemplateStack min_value="3" max_value="15" troop="NPCCharacter.cs_outcast_scavenger" />
        <PartyTemplateStack min_value="50" max_value="70" troop="NPCCharacter.cs_outcast_oathbreaker" />

        <PartyTemplateStack min_value="2" max_value="30" troop="NPCCharacter.cs_outcast_villager" />
        <PartyTemplateStack min_value="1" max_value="4" troop="NPCCharacter.cs_outcast_elder" />
        <PartyTemplateStack min_value="2" max_value="10" troop="NPCCharacter.cs_outcast_savage" />
        <PartyTemplateStack min_value="2" max_value="20" troop="NPCCharacter.cs_outcast_belligerentdrunk" />
        <PartyTemplateStack min_value="1" max_value="4" troop="NPCCharacter.cs_outcast_shepherd" />
        <PartyTemplateStack min_value="3" max_value="10" troop="NPCCharacter.cs_outcast_ruffian" />
        <PartyTemplateStack min_value="1" max_value="6" troop="NPCCharacter.cs_outcast_gem_artisan" />
        <PartyTemplateStack min_value="2" max_value="7" troop="NPCCharacter.cs_outcast_lumberjack" />
        <PartyTemplateStack min_value="1" max_value="5" troop="NPCCharacter.cs_outcast_fisher" />
        <PartyTemplateStack min_value="1" max_value="6" troop="NPCCharacter.cs_outcast_strider" />
      </stacks>
    </MBPartyTemplate>
    <MBPartyTemplate id="cs_mass_peasant_absolutist_revolt" >
      <stacks>
        <PartyTemplateStack min_value="3" max_value="30" troop="NPCCharacter.cs_outcast_savage" />
        <PartyTemplateStack min_value="150" max_value="400" troop="NPCCharacter.cs_outcast_oathbreaker" />
        <PartyTemplateStack min_value="5" max_value="80" troop="NPCCharacter.cs_outcast_scavenger" />
        <PartyTemplateStack min_value="1" max_value="25" troop="NPCCharacter.cs_outcast_stalker" />
        <PartyTemplateStack min_value="2" max_value="14" troop="NPCCharacter.cs_outcast_elder" />
        <PartyTemplateStack min_value="2" max_value="12" troop="NPCCharacter.cs_outcast_bejewelled_noble" />
        <PartyTemplateStack min_value="70" max_value="300" troop="NPCCharacter.cs_outcast_villager" />
        <PartyTemplateStack min_value="5" max_value="30" troop="NPCCharacter.cs_outcast_belligerentdrunk" />
        <PartyTemplateStack min_value="4" max_value="14" troop="NPCCharacter.cs_outcast_shepherd" />
        <PartyTemplateStack min_value="10" max_value="40" troop="NPCCharacter.cs_outcast_ruffian" />
        <PartyTemplateStack min_value="3" max_value="20" troop="NPCCharacter.cs_outcast_gem_artisan" />
        <PartyTemplateStack min_value="3" max_value="40" troop="NPCCharacter.cs_outcast_miner" />
        <PartyTemplateStack min_value="3" max_value="30" troop="NPCCharacter.cs_outcast_lumberjack" />
        <PartyTemplateStack min_value="3" max_value="20" troop="NPCCharacter.cs_outcast_fisher" />
        <PartyTemplateStack min_value="5" max_value="50" troop="NPCCharacter.cs_outcast_strider" />
      </stacks>
    </MBPartyTemplate>

    <MBPartyTemplate id="cs_outcast_oathbreakers" >
      <stacks>
        <PartyTemplateStack min_value="6" max_value="24" troop="NPCCharacter.cs_outcast_oathbreaker" />
      </stacks>
    </MBPartyTemplate>
    <MBPartyTemplate id="cs_outcast_belligerent_drunks" >
      <stacks>
        <PartyTemplateStack min_value="2" max_value="20" troop="NPCCharacter.cs_outcast_belligerentdrunk" />
      </stacks>
    </MBPartyTemplate>
    <MBPartyTemplate id="cs_outcast_savages" >
      <stacks>
        <PartyTemplateStack min_value="4" max_value="26" troop="NPCCharacter.cs_outcast_ruffian" />
      </stacks>
    </MBPartyTemplate>

    <!-- Barbarians -->
    <MBPartyTemplate id="cs_barbarian_foragers" >
      <stacks>
        <PartyTemplateStack min_value="2" max_value="3" troop="NPCCharacter.cs_barbarian_axethrower" />
        <PartyTemplateStack min_value="1" max_value="5" troop="NPCCharacter.cs_barbarian" />
        <PartyTemplateStack min_value="5" max_value="10" troop="NPCCharacter.cs_barbarian_raider" />
        <PartyTemplateStack min_value="3" max_value="5" troop="NPCCharacter.cs_barbarian_ranger" />
        <PartyTemplateStack min_value="1" max_value="2" troop="NPCCharacter.cs_barbarian_fiercewarrior" />
        <PartyTemplateStack min_value="1" max_value="2" troop="NPCCharacter.cs_barbarian_wolfrunner" />
        <PartyTemplateStack min_value="1" max_value="2" troop="NPCCharacter.cs_barbarian_shielder" />
        <PartyTemplateStack min_value="1" max_value="2" troop="NPCCharacter.cs_barbarian_slayer" />
        <PartyTemplateStack min_value="1" max_value="2" troop="NPCCharacter.cs_barbarian_pikeman" />
      </stacks>
    </MBPartyTemplate>
    <MBPartyTemplate id="cs_barbarian_raiders" >
      <stacks>
        <PartyTemplateStack min_value="3" max_value="5" troop="NPCCharacter.cs_barbarian_chief" />
        <PartyTemplateStack min_value="5" max_value="15" troop="NPCCharacter.cs_barbarian" />
        <PartyTemplateStack min_value="15" max_value="25" troop="NPCCharacter.cs_barbarian_raider" />
        <PartyTemplateStack min_value="5" max_value="10" troop="NPCCharacter.cs_barbarian_ranger" />
        <PartyTemplateStack min_value="2" max_value="6" troop="NPCCharacter.cs_barbarian_fiercewarrior" />
        <PartyTemplateStack min_value="2" max_value="6" troop="NPCCharacter.cs_barbarian_axethrower" />
        <PartyTemplateStack min_value="2" max_value="6" troop="NPCCharacter.cs_barbarian_veteran" />
        <PartyTemplateStack min_value="2" max_value="6" troop="NPCCharacter.cs_barbarian_cavalry" />
        <PartyTemplateStack min_value="0" max_value="4" troop="NPCCharacter.cs_barbarian_charger" />
        <PartyTemplateStack min_value="0" max_value="4" troop="NPCCharacter.cs_barbarian_noble" />
        <PartyTemplateStack min_value="2" max_value="6" troop="NPCCharacter.cs_barbarian_bearhunter" />
        <PartyTemplateStack min_value="2" max_value="6" troop="NPCCharacter.cs_barbarian_fiercewarrior" />
        <PartyTemplateStack min_value="2" max_value="6" troop="NPCCharacter.cs_barbarian_wolfrunner" />
        <PartyTemplateStack min_value="2" max_value="6" troop="NPCCharacter.cs_barbarian_shielder" />
        <PartyTemplateStack min_value="2" max_value="6" troop="NPCCharacter.cs_barbarian_slayer" />
        <PartyTemplateStack min_value="2" max_value="6" troop="NPCCharacter.cs_barbarian_pikeman" />
        <PartyTemplateStack min_value="0" max_value="2" troop="NPCCharacter.cs_barbarian_legendaryslayer" />
        <PartyTemplateStack min_value="0" max_value="6" troop="NPCCharacter.cs_barbarian_nighthunter" />
        <PartyTemplateStack min_value="0" max_value="2" troop="NPCCharacter.cs_barbarian_horrificnighthunter" />
      </stacks>
    </MBPartyTemplate>
    <MBPartyTemplate id="cs_barbarian_troop" >
      <stacks>
        <PartyTemplateStack min_value="1" max_value="3" troop="NPCCharacter.cs_barbarian_legendaryslayer" />
        <PartyTemplateStack min_value="2" max_value="6" troop="NPCCharacter.cs_barbarian_chosenslayer" />
        <PartyTemplateStack min_value="1" max_value="3" troop="NPCCharacter.cs_barbarian_noble" />
        <PartyTemplateStack min_value="2" max_value="6" troop="NPCCharacter.cs_barbarian_pikeman" />
        <PartyTemplateStack min_value="2" max_value="6" troop="NPCCharacter.cs_barbarian_shielder" />
      </stacks>
    </MBPartyTemplate>
    <MBPartyTemplate id="cs_barbarian_exodus" >
      <stacks>
        <PartyTemplateStack min_value="150" max_value="200" troop="NPCCharacter.cs_barbarian_raider" />
        <PartyTemplateStack min_value="5" max_value="60" troop="NPCCharacter.cs_barbarian" />
        <PartyTemplateStack min_value="20" max_value="80" troop="NPCCharacter.cs_barbarian_ranger" />
        <PartyTemplateStack min_value="5" max_value="20" troop="NPCCharacter.cs_barbarian_chief" />
        <PartyTemplateStack min_value="5" max_value="90" troop="NPCCharacter.cs_barbarian_fiercewarrior" />
        <PartyTemplateStack min_value="25" max_value="60" troop="NPCCharacter.cs_barbarian_axethrower" />
        <PartyTemplateStack min_value="5" max_value="60" troop="NPCCharacter.cs_barbarian_veteran" />
        <PartyTemplateStack min_value="5" max_value="30" troop="NPCCharacter.cs_barbarian_cavalry" />
        <PartyTemplateStack min_value="5" max_value="30" troop="NPCCharacter.cs_barbarian_bearhunter" />
        <PartyTemplateStack min_value="5" max_value="30" troop="NPCCharacter.cs_barbarian_wolfrunner" />
        <PartyTemplateStack min_value="25" max_value="60" troop="NPCCharacter.cs_barbarian_shielder" />
        <PartyTemplateStack min_value="5" max_value="10" troop="NPCCharacter.cs_barbarian_slayer" />
        <PartyTemplateStack min_value="5" max_value="30" troop="NPCCharacter.cs_barbarian_pikeman" />
      </stacks>
    </MBPartyTemplate>
    <MBPartyTemplate id="cs_barbarian_refugees" >
      <stacks>
        <PartyTemplateStack min_value="5" max_value="15" troop="NPCCharacter.cs_barbarian" />
        <PartyTemplateStack min_value="20" max_value="45" troop="NPCCharacter.cs_barbarian_raider" />
        <PartyTemplateStack min_value="5" max_value="15" troop="NPCCharacter.cs_barbarian_ranger" />
        <PartyTemplateStack min_value="1" max_value="5" troop="NPCCharacter.cs_barbarian_fiercewarrior" />
        <PartyTemplateStack min_value="1" max_value="5" troop="NPCCharacter.cs_barbarian_axethrower" />
        <PartyTemplateStack min_value="1" max_value="5" troop="NPCCharacter.cs_barbarian_veteran" />
        <PartyTemplateStack min_value="1" max_value="5" troop="NPCCharacter.cs_barbarian_cavalry" />
        <PartyTemplateStack min_value="1" max_value="5" troop="NPCCharacter.cs_barbarian_bearhunter" />
      </stacks>
    </MBPartyTemplate>

    <!-- Manhunters -->
    <MBPartyTemplate id="cs_village_watch" >
      <stacks>
        <PartyTemplateStack min_value="1" max_value="1" troop="NPCCharacter.cs_village_sherrif" />
        <PartyTemplateStack min_value="5" max_value="10" troop="NPCCharacter.cs_village_youth" />
        <PartyTemplateStack min_value="3" max_value="5" troop="NPCCharacter.cs_village_scout" />
        <PartyTemplateStack min_value="2" max_value="4" troop="NPCCharacter.cs_lookout" />
        <PartyTemplateStack min_value="1" max_value="3" troop="NPCCharacter.cs_village_ranger" />
      </stacks>
    </MBPartyTemplate>

    <MBPartyTemplate id="cs_town_watch" >
      <stacks>
        <PartyTemplateStack min_value="1" max_value="1" troop="NPCCharacter.cs_sherrif" />
        <PartyTemplateStack min_value="3" max_value="6" troop="NPCCharacter.cs_burgher" />
        <PartyTemplateStack min_value="3" max_value="5" troop="NPCCharacter.cs_town_guard" />
        <PartyTemplateStack min_value="4" max_value="8" troop="NPCCharacter.cs_town_marksman" />
        <PartyTemplateStack min_value="3" max_value="6" troop="NPCCharacter.cs_trained_youth" />
        <PartyTemplateStack min_value="2" max_value="4" troop="NPCCharacter.cs_righteous_citizen" />
        <PartyTemplateStack min_value="2" max_value="4" troop="NPCCharacter.cs_manhunter" />
      </stacks>
    </MBPartyTemplate>

    <MBPartyTemplate id="cs_manhunters" >
      <stacks>
        <PartyTemplateStack min_value="1" max_value="1" troop="NPCCharacter.cs_sherrif" />
        <PartyTemplateStack min_value="5" max_value="11" troop="NPCCharacter.cs_manhunter" />
        <PartyTemplateStack min_value="3" max_value="6" troop="NPCCharacter.cs_veteran_manhunter" />
      </stacks>
    </MBPartyTemplate>

    <MBPartyTemplate id="cs_vrumanns_manhunters" >
      <stacks>
        <PartyTemplateStack min_value="10" max_value="20" troop="NPCCharacter.cs_trained_youth" />
        <PartyTemplateStack min_value="3" max_value="9" troop="NPCCharacter.cs_town_guard" />
        <PartyTemplateStack min_value="10" max_value="15" troop="NPCCharacter.cs_town_marksman" />
        <PartyTemplateStack min_value="15" max_value="30" troop="NPCCharacter.cs_righteous_citizen" />
        <PartyTemplateStack min_value="1" max_value="8" troop="NPCCharacter.cs_sherrif" />
        <PartyTemplateStack min_value="9" max_value="20" troop="NPCCharacter.cs_manhunter" />
        <PartyTemplateStack min_value="1" max_value="7" troop="NPCCharacter.cs_veteran_manhunter" />
      </stacks>
    </MBPartyTemplate>

    <MBPartyTemplate id="cs_zealous_conscripts" >
      <stacks>
        <PartyTemplateStack min_value="20" max_value="50" troop="NPCCharacter.cs_righteous_citizen" />
      </stacks>
    </MBPartyTemplate>

    <MBPartyTemplate id="cs_idealistic_citizens" >
      <stacks>
        <PartyTemplateStack min_value="20" max_value="40" troop="NPCCharacter.cs_village_youth" />
        <PartyTemplateStack min_value="20" max_value="40" troop="NPCCharacter.cs_burgher" />
      </stacks>
    </MBPartyTemplate>

    <MBPartyTemplate id="cs_cleansing_group" >
      <stacks>
        <PartyTemplateStack min_value="10" max_value="10" troop="NPCCharacter.cs_sherrif" />
        <PartyTemplateStack min_value="7" max_value="10" troop="NPCCharacter.cs_burgher" />
        <PartyTemplateStack min_value="7" max_value="9" troop="NPCCharacter.cs_town_guard" />
        <PartyTemplateStack min_value="8" max_value="12" troop="NPCCharacter.cs_town_marksman" />
        <PartyTemplateStack min_value="7" max_value="10" troop="NPCCharacter.cs_trained_youth" />
        <PartyTemplateStack min_value="6" max_value="10" troop="NPCCharacter.cs_righteous_citizen" />
        <PartyTemplateStack min_value="16" max_value="40" troop="NPCCharacter.cs_manhunter" />
        <PartyTemplateStack min_value="10" max_value="20" troop="NPCCharacter.cs_veteran_manhunter" />
        <PartyTemplateStack min_value="5" max_value="5" troop="NPCCharacter.cs_village_sherrif" />
        <PartyTemplateStack min_value="9" max_value="14" troop="NPCCharacter.cs_village_youth" />
        <PartyTemplateStack min_value="7" max_value="9" troop="NPCCharacter.cs_village_scout" />
        <PartyTemplateStack min_value="6" max_value="8" troop="NPCCharacter.cs_lookout" />
        <PartyTemplateStack min_value="5" max_value="7" troop="NPCCharacter.cs_village_ranger" />
      </stacks>
    </MBPartyTemplate>

    <!-- Makko -->
    <MBPartyTemplate id="cs_makko_lord" >
      <stacks>
        <PartyTemplateStack min_value="3" max_value="40" troop="NPCCharacter.cs_makko_levy" />
        <PartyTemplateStack min_value="25" max_value="60" troop="NPCCharacter.cs_makko_spearman" />
        <PartyTemplateStack min_value="15" max_value="32" troop="NPCCharacter.cs_makko_shield_spearman" />
        <PartyTemplateStack min_value="6" max_value="18" troop="NPCCharacter.cs_makko_greatshield_spearman" />
        <PartyTemplateStack min_value="1" max_value="4" troop="NPCCharacter.cs_makko_ironguard" />
        <PartyTemplateStack min_value="6" max_value="35" troop="NPCCharacter.cs_makko_skirmisher" />
        <PartyTemplateStack min_value="2" max_value="10" troop="NPCCharacter.cs_makko_swordsman" />
        <PartyTemplateStack min_value="1" max_value="6" troop="NPCCharacter.cs_makko_elite_swordsman" />
        <PartyTemplateStack min_value="15" max_value="35" troop="NPCCharacter.cs_makko_horseman" />
        <PartyTemplateStack min_value="8" max_value="28" troop="NPCCharacter.cs_makko_horse_archer" />
        <PartyTemplateStack min_value="1" max_value="20" troop="NPCCharacter.cs_makko_veteran_horse_archer" />
        <PartyTemplateStack min_value="1" max_value="14" troop="NPCCharacter.cs_makko_elite_horse_archer" />
        <PartyTemplateStack min_value="3" max_value="10" troop="NPCCharacter.cs_makko_light_cavalry" />
        <PartyTemplateStack min_value="2" max_value="5" troop="NPCCharacter.cs_makko_heavy_cavalry" />
        <PartyTemplateStack min_value="1" max_value="3" troop="NPCCharacter.cs_makko_charger_of_the_eternal_sky" />
        <PartyTemplateStack min_value="4" max_value="10" troop="NPCCharacter.cs_makko_crossbowman" />
        <PartyTemplateStack min_value="1" max_value="5" troop="NPCCharacter.cs_makko_veteran_crossbowman" />
        <PartyTemplateStack min_value="1" max_value="3" troop="NPCCharacter.cs_makko_elite_crossbowman" />
        <PartyTemplateStack min_value="8" max_value="22" troop="NPCCharacter.cs_makko_bannerpeasant" />
        <PartyTemplateStack min_value="2" max_value="4" troop="NPCCharacter.cs_makko_standardbearer" />
        <PartyTemplateStack min_value="1" max_value="3" troop="NPCCharacter.cs_makko_heavy_standardbearer" />
        <PartyTemplateStack min_value="1" max_value="3" troop="NPCCharacter.cs_makko_cavalry_standardbearer" />
      </stacks>
    </MBPartyTemplate>

    <MBPartyTemplate id="cs_makko_army_party" >
      <stacks>
        <PartyTemplateStack min_value="25" max_value="60" troop="NPCCharacter.cs_makko_spearman" />
        <PartyTemplateStack min_value="15" max_value="32" troop="NPCCharacter.cs_makko_shield_spearman" />
        <PartyTemplateStack min_value="6" max_value="18" troop="NPCCharacter.cs_makko_greatshield_spearman" />
        <PartyTemplateStack min_value="1" max_value="4" troop="NPCCharacter.cs_makko_ironguard" />
        <PartyTemplateStack min_value="6" max_value="35" troop="NPCCharacter.cs_makko_skirmisher" />
        <PartyTemplateStack min_value="2" max_value="10" troop="NPCCharacter.cs_makko_swordsman" />
        <PartyTemplateStack min_value="1" max_value="6" troop="NPCCharacter.cs_makko_elite_swordsman" />
        <PartyTemplateStack min_value="15" max_value="35" troop="NPCCharacter.cs_makko_horseman" />
        <PartyTemplateStack min_value="8" max_value="28" troop="NPCCharacter.cs_makko_horse_archer" />
        <PartyTemplateStack min_value="1" max_value="20" troop="NPCCharacter.cs_makko_veteran_horse_archer" />
        <PartyTemplateStack min_value="1" max_value="14" troop="NPCCharacter.cs_makko_elite_horse_archer" />
        <PartyTemplateStack min_value="3" max_value="10" troop="NPCCharacter.cs_makko_light_cavalry" />
        <PartyTemplateStack min_value="2" max_value="5" troop="NPCCharacter.cs_makko_heavy_cavalry" />
        <PartyTemplateStack min_value="1" max_value="3" troop="NPCCharacter.cs_makko_charger_of_the_eternal_sky" />
        <PartyTemplateStack min_value="4" max_value="10" troop="NPCCharacter.cs_makko_crossbowman" />
        <PartyTemplateStack min_value="1" max_value="5" troop="NPCCharacter.cs_makko_veteran_crossbowman" />
        <PartyTemplateStack min_value="1" max_value="3" troop="NPCCharacter.cs_makko_elite_crossbowman" />
        <PartyTemplateStack min_value="14" max_value="32" troop="NPCCharacter.cs_makko_bannerpeasant" />
        <PartyTemplateStack min_value="2" max_value="4" troop="NPCCharacter.cs_makko_standardbearer" />
        <PartyTemplateStack min_value="1" max_value="3" troop="NPCCharacter.cs_makko_heavy_standardbearer" />
        <PartyTemplateStack min_value="1" max_value="3" troop="NPCCharacter.cs_makko_cavalry_standardbearer" />
      </stacks>
    </MBPartyTemplate>

    <MBPartyTemplate id="cs_makko_raiding_force" >
      <stacks>
        <PartyTemplateStack min_value="5" max_value="35" troop="NPCCharacter.cs_makko_horseman" />
        <PartyTemplateStack min_value="2" max_value="20" troop="NPCCharacter.cs_makko_horse_archer" />
        <PartyTemplateStack min_value="1" max_value="5" troop="NPCCharacter.cs_makko_veteran_horse_archer" />
        <PartyTemplateStack min_value="2" max_value="10" troop="NPCCharacter.cs_makko_light_cavalry" />
        <PartyTemplateStack min_value="1" max_value="2" troop="NPCCharacter.cs_makko_cavalry_standardbearer" />
      </stacks>
    </MBPartyTemplate>

    <MBPartyTemplate id="cs_makko_invasion_force" >
      <stacks>
        <PartyTemplateStack min_value="80" max_value="200" troop="NPCCharacter.cs_makko_levy" />
        <PartyTemplateStack min_value="90" max_value="160" troop="NPCCharacter.cs_makko_spearman" />
        <PartyTemplateStack min_value="50" max_value="100" troop="NPCCharacter.cs_makko_shield_spearman" />
        <PartyTemplateStack min_value="24" max_value="50" troop="NPCCharacter.cs_makko_greatshield_spearman" />
        <PartyTemplateStack min_value="10" max_value="20" troop="NPCCharacter.cs_makko_ironguard" />
        <PartyTemplateStack min_value="40" max_value="100" troop="NPCCharacter.cs_makko_skirmisher" />
        <PartyTemplateStack min_value="5" max_value="20" troop="NPCCharacter.cs_makko_swordsman" />
        <PartyTemplateStack min_value="3" max_value="15" troop="NPCCharacter.cs_makko_elite_swordsman" />
        <PartyTemplateStack min_value="30" max_value="160" troop="NPCCharacter.cs_makko_horseman" />
        <PartyTemplateStack min_value="20" max_value="130" troop="NPCCharacter.cs_makko_horse_archer" />
        <PartyTemplateStack min_value="20" max_value="70" troop="NPCCharacter.cs_makko_veteran_horse_archer" />
        <PartyTemplateStack min_value="15" max_value="60" troop="NPCCharacter.cs_makko_elite_horse_archer" />
        <PartyTemplateStack min_value="15" max_value="30" troop="NPCCharacter.cs_makko_light_cavalry" />
        <PartyTemplateStack min_value="10" max_value="20" troop="NPCCharacter.cs_makko_heavy_cavalry" />
        <PartyTemplateStack min_value="2" max_value="10" troop="NPCCharacter.cs_makko_charger_of_the_eternal_sky" />
        <PartyTemplateStack min_value="25" max_value="50" troop="NPCCharacter.cs_makko_crossbowman" />
        <PartyTemplateStack min_value="15" max_value="30" troop="NPCCharacter.cs_makko_veteran_crossbowman" />
        <PartyTemplateStack min_value="5" max_value="20" troop="NPCCharacter.cs_makko_elite_crossbowman" />
        <PartyTemplateStack min_value="20" max_value="40" troop="NPCCharacter.cs_makko_bannerpeasant" />
        <PartyTemplateStack min_value="5" max_value="20" troop="NPCCharacter.cs_makko_standardbearer" />
        <PartyTemplateStack min_value="3" max_value="10" troop="NPCCharacter.cs_makko_heavy_standardbearer" />
        <PartyTemplateStack min_value="3" max_value="10" troop="NPCCharacter.cs_makko_cavalry_standardbearer" />
      </stacks>
    </MBPartyTemplate>

	<!-- Humar -->
    <MBPartyTemplate id="cs_humar_lord" >
      <stacks>
        <PartyTemplateStack min_value="3" max_value="35" troop="NPCCharacter.cs_humar_militia" />
        <PartyTemplateStack min_value="25" max_value="50" troop="NPCCharacter.cs_humar_spearman" />
        <PartyTemplateStack min_value="35" max_value="65" troop="NPCCharacter.cs_humar_pikeman" />
        <PartyTemplateStack min_value="25" max_value="45" troop="NPCCharacter.cs_humar_veteran_pikeman" />
        <PartyTemplateStack min_value="2" max_value="15" troop="NPCCharacter.cs_humar_elite_pikeman" />
        <PartyTemplateStack min_value="8" max_value="16" troop="NPCCharacter.cs_humar_light_cav" />
        <PartyTemplateStack min_value="5" max_value="13" troop="NPCCharacter.cs_humar_banner_cavalry" />
        <PartyTemplateStack min_value="1" max_value="4" troop="NPCCharacter.cs_humar_banner_bodyguard" />
        <PartyTemplateStack min_value="5" max_value="13" troop="NPCCharacter.cs_humar_lancer" />
        <PartyTemplateStack min_value="1" max_value="4" troop="NPCCharacter.cs_humar_heavy_lancer" />
        <PartyTemplateStack min_value="5" max_value="20" troop="NPCCharacter.cs_humar_archer" />
        <PartyTemplateStack min_value="15" max_value="35" troop="NPCCharacter.cs_humar_longbow_archer" />
        <PartyTemplateStack min_value="5" max_value="25" troop="NPCCharacter.cs_humar_veteran_archer" />
        <PartyTemplateStack min_value="2" max_value="8" troop="NPCCharacter.cs_humar_elite_archer" />
        <PartyTemplateStack min_value="1" max_value="9" troop="NPCCharacter.cs_humar_bomb_thrower" />
        <PartyTemplateStack min_value="1" max_value="2" troop="NPCCharacter.cs_humar_shinobi" />
        <PartyTemplateStack min_value="1" max_value="1" troop="NPCCharacter.cs_humar_master_shinobi" />
        <PartyTemplateStack min_value="4" max_value="28" troop="NPCCharacter.cs_humar_veteran_samurai" />
        <PartyTemplateStack min_value="2" max_value="8" troop="NPCCharacter.cs_humar_elite_samurai" />
      </stacks>
    </MBPartyTemplate>

    <MBPartyTemplate id="cs_humar_army_party" >
      <stacks>
        <PartyTemplateStack min_value="25" max_value="50" troop="NPCCharacter.cs_humar_spearman" />
        <PartyTemplateStack min_value="25" max_value="35" troop="NPCCharacter.cs_humar_pikeman" />
        <PartyTemplateStack min_value="5" max_value="25" troop="NPCCharacter.cs_humar_veteran_pikeman" />
        <PartyTemplateStack min_value="2" max_value="15" troop="NPCCharacter.cs_humar_elite_pikeman" />
        <PartyTemplateStack min_value="8" max_value="16" troop="NPCCharacter.cs_humar_light_cav" />
        <PartyTemplateStack min_value="5" max_value="13" troop="NPCCharacter.cs_humar_banner_cavalry" />
        <PartyTemplateStack min_value="1" max_value="4" troop="NPCCharacter.cs_humar_banner_bodyguard" />
        <PartyTemplateStack min_value="5" max_value="13" troop="NPCCharacter.cs_humar_lancer" />
        <PartyTemplateStack min_value="1" max_value="4" troop="NPCCharacter.cs_humar_heavy_lancer" />
        <PartyTemplateStack min_value="15" max_value="35" troop="NPCCharacter.cs_humar_longbow_archer" />
        <PartyTemplateStack min_value="5" max_value="25" troop="NPCCharacter.cs_humar_veteran_archer" />
        <PartyTemplateStack min_value="2" max_value="8" troop="NPCCharacter.cs_humar_elite_archer" />
        <PartyTemplateStack min_value="1" max_value="9" troop="NPCCharacter.cs_humar_bomb_thrower" />
        <PartyTemplateStack min_value="1" max_value="2" troop="NPCCharacter.cs_humar_shinobi" />
        <PartyTemplateStack min_value="1" max_value="1" troop="NPCCharacter.cs_humar_master_shinobi" />
        <PartyTemplateStack min_value="6" max_value="28" troop="NPCCharacter.cs_humar_veteran_samurai" />
        <PartyTemplateStack min_value="4" max_value="14" troop="NPCCharacter.cs_humar_elite_samurai" />
      </stacks>
    </MBPartyTemplate>

	<MBPartyTemplate id="cs_humar_scouting_party" >
      <stacks>
        <PartyTemplateStack min_value="1" max_value="1" troop="NPCCharacter.cs_humar_lancer" />
        <PartyTemplateStack min_value="6" max_value="20" troop="NPCCharacter.cs_humar_spearman" />
        <PartyTemplateStack min_value="1" max_value="18" troop="NPCCharacter.cs_humar_light_cav" />
        <PartyTemplateStack min_value="3" max_value="15" troop="NPCCharacter.cs_humar_longbow_archer" />
      </stacks>
    </MBPartyTemplate>
	
	<MBPartyTemplate id="cs_humar_outlaws" >
      <stacks>
        <PartyTemplateStack min_value="5" max_value="35" troop="NPCCharacter.cs_humar_ronin" />
      </stacks>
    </MBPartyTemplate>
	
    <MBPartyTemplate id="cs_humar_invasion_force" >
      <stacks>
        <PartyTemplateStack min_value="100" max_value="350" troop="NPCCharacter.cs_humar_spearman" />
        <PartyTemplateStack min_value="90" max_value="275" troop="NPCCharacter.cs_humar_pikeman" />
        <PartyTemplateStack min_value="35" max_value="80" troop="NPCCharacter.cs_humar_veteran_pikeman" />
        <PartyTemplateStack min_value="5" max_value="30" troop="NPCCharacter.cs_humar_elite_pikeman" />
        <PartyTemplateStack min_value="20" max_value="76" troop="NPCCharacter.cs_humar_light_cav" />
        <PartyTemplateStack min_value="10" max_value="53" troop="NPCCharacter.cs_humar_banner_cavalry" />
        <PartyTemplateStack min_value="5" max_value="20" troop="NPCCharacter.cs_humar_banner_bodyguard" />
        <PartyTemplateStack min_value="20" max_value="53" troop="NPCCharacter.cs_humar_lancer" />
        <PartyTemplateStack min_value="5" max_value="20" troop="NPCCharacter.cs_humar_heavy_lancer" />
        <PartyTemplateStack min_value="45" max_value="195" troop="NPCCharacter.cs_humar_longbow_archer" />
        <PartyTemplateStack min_value="25" max_value="155" troop="NPCCharacter.cs_humar_veteran_archer" />
        <PartyTemplateStack min_value="15" max_value="50" troop="NPCCharacter.cs_humar_elite_archer" />
        <PartyTemplateStack min_value="7" max_value="15" troop="NPCCharacter.cs_humar_bomb_thrower" />
        <PartyTemplateStack min_value="1" max_value="5" troop="NPCCharacter.cs_humar_shinobi" />
        <PartyTemplateStack min_value="1" max_value="4" troop="NPCCharacter.cs_humar_master_shinobi" />
        <PartyTemplateStack min_value="20" max_value="68" troop="NPCCharacter.cs_humar_veteran_samurai" />
        <PartyTemplateStack min_value="10" max_value="30" troop="NPCCharacter.cs_humar_elite_samurai" />
      </stacks>
    </MBPartyTemplate>
</partyTemplates>