<CampaignDataConfig>
	<DevestationMetricConfig>
		<MaxDevestationPerSettlement> 250 </MaxDevestationPerSettlement>
		<MinDevestationPerSettlement> 0 </MinDevestationPerSettlement>

		<DailyDevestationDecay> 1.6 </DailyDevestationDecay>

		<DevestationPerTimeLooted> 20 </DevestationPerTimeLooted>
		<HostilePresencePerPowerDaily> 0.02 </HostilePresencePerPowerDaily>
		<FightOccuredDevestationPerPower> 0.04 </FightOccuredDevestationPerPower>

		<FriendlyPresenceDecayPerPowerDaily> 0.004 </FriendlyPresenceDecayPerPowerDaily>
		<TradePerGoldValueDevestationDecay> 0.003 </TradePerGoldValueDevestationDecay> <!-- Not implemented yet -->

		<ShowConfigDebug>false</ShowConfigDebug>
	</DevestationMetricConfig>

	<DailyLoggerConfig>
		<MinimumSpawnLogValue> 20.0 </MinimumSpawnLogValue>
		<MinimumRarityToLog> 0.02 </MinimumRarityToLog>

		<ShowConfigDebug>true</ShowConfigDebug>

	</DailyLoggerConfig>

	<CampaignTestConfig>

		<OverrideGameSpeed> false </OverrideGameSpeed>
		<OverridenGameSpeed> 50 </OverridenGameSpeed>

		<ShowConfigDebug>true</ShowConfigDebug>
	</CampaignTestConfig>
</CampaignDataConfig>