<PrisonerRecruitmentConfig>
		<Enabled>true</Enabled>
		<PrisonRecruitmentDebugEnabled>false</PrisonRecruitmentDebugEnabled>
		<ApplyToVanilla>true</ApplyToVanilla>
		<BaseRecruitChance>0.15</BaseRecruitChance>
		<BaseDevalueChance>0.07</BaseDevalueChance>
		<PrisonerLevelReverseModifierPerLevel>0.0035</PrisonerLevelReverseModifierPerLevel>
		<PrisonerLevelDevalueModifierPerLevel>0.001</PrisonerLevelDevalueModifierPerLevel>
		<MercifulTraitModifier>0.02</MercifulTraitModifier>
		<DifferentCultureReverseModifier>0.02</DifferentCultureReverseModifier>
		<PrisonerPartyPercentageCap>0.2</PrisonerPartyPercentageCap>
		<CapReverseFinalCoefficientPerCap>0.8</CapReverseFinalCoefficientPerCap>
		<GarrisonFinalCoefficient>0.2</GarrisonFinalCoefficient>
		<FinalMinimumChance>0.005</FinalMinimumChance>
</PrisonerRecruitmentConfig>