<?xml version="1.0" encoding="utf-8"?>

<Items>
  <CraftedItem id="cs_maul_t3" name="{=gYpNILVC}Maul" crafting_template="CS_TwoHandedMace" culture="Culture.empire" is_merchandise="false">
    <Pieces>
      <Piece id="cs_maul_tip_1" Type="Blade" scale_factor="140" />
      <Piece id="axe_craft_1_handle" Type="Handle" scale_factor="70"/>
    </Pieces>
  </CraftedItem>
  <CraftedItem id="cs_honorguard_sabre" name="{=59TEk33X}Far-Eastern Honorguard Sabre" crafting_template="OneHandedSword" culture="Culture.khuzait" is_merchandise="false">
    <Pieces>
      <Piece id="khuzait_noble_blade_1" Type="Blade" scale_factor="90" />
      <Piece id="khuzait_noble_guard_4" Type="Guard" scale_factor="115" />
      <Piece id="vlandian_noble_grip_4" Type="Handle" scale_factor="115" />
      <Piece id="vlandian_noble_pommel_4" Type="Pommel" scale_factor="100" />
    </Pieces>
  </CraftedItem>
  <CraftedItem id="cs_highland_decorated_sword" name="{=59TEk33X}Decorated Highland Sword" crafting_template="CS_OneHandedSword" culture="Culture.battania" is_merchandise="false">
    <Pieces>
      <Piece id="battania_noble_blade_1" Type="Blade" scale_factor="85" />
      <Piece id="battania_guard_1" Type="Guard" scale_factor="95" />
      <Piece id="vlandian_grip_11" Type="Handle" scale_factor="80" />
      <Piece id="empire_noble_pommel_4" Type="Pommel" scale_factor="100" />
    </Pieces>
  </CraftedItem>
  <CraftedItem id="cs_nordic_rune_sword" name="{=59TEk33X}Northern Rune Sword" crafting_template="CS_TwoHandedSword" culture="Culture.vlandia" is_merchandise="false">
    <Pieces>
      <Piece id="vlandian_noble_blade_2" Type="Blade" scale_factor="135" />
      <Piece id="sturgian_noble_guard_1" Type="Guard" scale_factor="100" />
      <Piece id="khuzait_grip_17" Type="Handle" scale_factor="115" /> 
      <Piece id="sturgian_pommel_11" Type="Pommel" scale_factor="100" />
    </Pieces>
  </CraftedItem>
  <CraftedItem id="cs_greatsword_t6" name="{=59TEk33X}War Sword" crafting_template="CS_TwoHandedSword" culture="Culture.vlandia" is_merchandise="false">
    <Pieces>
      <Piece id="battania_blade_5" Type="Blade" scale_factor="165" />
      <Piece id="vlandian_guard_3" Type="Guard" scale_factor="100" />
      <Piece id="aserai_grip_15" Type="Handle" scale_factor="115" /> 
      <Piece id="vlandian_pommel_8" Type="Pommel" scale_factor="100" />
    </Pieces>
  </CraftedItem>	
  <CraftedItem id="cs_mercenary_claymore" name="{=59TEk33X}Mercenary Claymore" crafting_template="CS_TwoHandedSword" culture="Culture.vlandia" is_merchandise="false">
    <Pieces>
      <Piece id="battania_blade_1" Type="Blade" scale_factor="135" />
      <Piece id="empire_guard_4" Type="Guard" scale_factor="115" />
      <Piece id="sturgian_grip_18" Type="Handle" scale_factor="135" /> 
      <Piece id="sturgian_pommel_8" Type="Pommel" scale_factor="115" />
    </Pieces>
  </CraftedItem>
  <CraftedItem id="cs_mercenary_greatsword" name="{=59TEk33X}Great Sword" crafting_template="CS_TwoHandedSword" culture="Culture.vlandia" is_merchandise="false">
    <Pieces>
      <Piece id="aserai_blade_11" Type="Blade" scale_factor="115" />
      <Piece id="sturgian_guard_5" Type="Guard" scale_factor="90" />
      <Piece id="vlandian_grip_9" Type="Handle" scale_factor="95" /> 
      <Piece id="vlandian_pommel_9" Type="Pommel" scale_factor="90" />
    </Pieces>
  </CraftedItem>
  <CraftedItem id="cs_wrathbringer" name="{=4RTsybkx}Wrathblade" crafting_template="CS_TwoHandedSword" culture="Culture.empire" is_merchandise="false">
    <Pieces>
      <Piece id="cleaver_blade_5" Type="Blade" scale_factor="90" />
      <Piece id="vlandian_guard_7" Type="Guard" scale_factor="110" />
      <Piece id="khuzait_grip_17" Type="Handle" scale_factor="105" />
      <Piece id="vlandian_pommel_2" Type="Pommel" scale_factor="100" />
    </Pieces>
  </CraftedItem>
  <CraftedItem id="cs_2haxe_t3" name="{=7phSQw5i}Mining Pick" crafting_template="CS_TwoHandedAxe" culture="Culture.battania" is_merchandise="false">
    <Pieces>
      <Piece id="cs_pick_head" Type="Blade" scale_factor="210" />
      <Piece id="axe_craft_30_handle" Type="Handle" scale_factor="95" />
    </Pieces>
  </CraftedItem>
  <CraftedItem id="cs_broad_axe" name="{=7phSQw5i}Short Waraxe" crafting_template="CS_TwoHandedAxe" culture="Culture.battania" is_merchandise="false">
    <Pieces>
      <Piece id="axe_craft_26_head" Type="Blade" scale_factor="170" />
      <Piece id="axe_craft_7_handle" Type="Handle" scale_factor="85" />
    </Pieces>
  </CraftedItem>
  <CraftedItem id="cs_halberd" name="{=7phSQw5i}Halberd" crafting_template="CS_TwoHandedPolearm" culture="Culture.vlandia" is_merchandise="false">
    <Pieces>
      <Piece id="cs_halberd_head" Type="Blade" scale_factor="120" />
      <Piece id="cs_halberd_handle" Type="Handle" scale_factor="252" />
    </Pieces>
  </CraftedItem>
  <CraftedItem id="cs_throwing_hammer_t2" name="{=GrfnpDxu}Throwing Hammer" crafting_template="CS_ThrowingHammer" culture="Culture.empire" is_merchandise="false">
    <Pieces>
      <Piece id="cs_maul_tip_2" Type="Blade" scale_factor="100" />
      <Piece id="axe_craft_12_handle" Type="Handle" scale_factor="100" />
    </Pieces>
  </CraftedItem>
  <CraftedItem id="cs_throwing_club" name="{=GrfnpDxu}Throwing Club" crafting_template="CS_ThrowingHammer" culture="Culture.aserai" is_merchandise="false">
    <Pieces>
      <Piece id="cs_blunt_spear_head" Type="Blade" scale_factor="100" />
      <Piece id="cs_throwing_club_handle" Type="Handle" scale_factor="100" />
    </Pieces>
  </CraftedItem>
  <CraftedItem id="cs_simple_club" name="{=GrfnpDxu}Woodland Large Club" crafting_template="CS_TwoHandedMace" culture="Culture.aserai" is_merchandise="false">
    <Pieces>
      <Piece id="cs_no_head" Type="Blade" scale_factor="160" />
      <Piece id="cs_club_handle" Type="Handle" scale_factor="220" />
    </Pieces>
  </CraftedItem>
  <CraftedItem id="cs_nailmace_t3" name="{=7jH0kuof}Wooden Morningstar" crafting_template="CS_TwoHandedMace" culture="Culture.empire" is_merchandise="false">
    <Pieces>
      <Piece id="cs_wooden_morningstar_head" Type="Blade" scale_factor="130" />
      <Piece id="spear_handle_1" Type="Handle" scale_factor="77" />
    </Pieces>
  </CraftedItem>
  <CraftedItem id="cs_spikedmace_t3" name="{=7jH0kuof}Heavy Nailclub" crafting_template="CS_TwoHandedMace" culture="Culture.empire" is_merchandise="false">
    <Pieces>
      <Piece id="cs_wooden_morningstar_head_2" Type="Blade" scale_factor="140" />
      <Piece id="cs_s_morningstar_shaft" Type="Handle" scale_factor="80" />
    </Pieces>
  </CraftedItem>
  <CraftedItem id="cs_long_spikedmace_t3" name="{=7jH0kuof}Spiked Longmace" crafting_template="CS_TwoHandedMace" culture="Culture.empire" is_merchandise="false">
    <Pieces>
      <Piece id="cs_wooden_morningstar_head_3" Type="Blade" scale_factor="115" />
      <Piece id="cs_ls_morningstar_shaft" Type="Handle" scale_factor="100" />
    </Pieces>
  </CraftedItem>
  <CraftedItem id="cs_quarter_staff_t1" name="{=H9hzBJz3}Quarterstaff" is_merchandise="false" crafting_template="CS_TwoHandedPolearm" culture="Culture.vlandia">
    <Pieces>
      <Piece id="cs_blunt_spear_head" Type="Blade" scale_factor="40" />
      <Piece id="spear_handle_1" Type="Handle" scale_factor="90" />
    </Pieces>
  </CraftedItem>
  <CraftedItem id="cs_priest_staff" name="{=H9hzBJz3}Iron Staff" is_merchandise="false" crafting_template="CS_TwoHandedPolearm" culture="Culture.vlandia">
    <Pieces>
      <Piece id="spear_blade_34" Type="Blade" scale_factor="130" />
      <Piece id="spear_guard_3" Type="Guard" scale_factor="130" />
      <Piece id="spear_handle_23" Type="Handle" scale_factor="70" />
      <Piece id="spear_pommel_7" Type="Pommel" scale_factor="100" />
    </Pieces>
  </CraftedItem>
  <CraftedItem id="cs_2h_morningstar_t4" name="{=gYpNILVC}Redemptive Flail" crafting_template="CS_TwoHandedMace" culture="Culture.vlandia" is_merchandise="false">
    <Pieces>
      <Piece id="cs_morningstar_head" Type="Blade" scale_factor="140" />
      <Piece id="cs_morningstar_shaft" Type="Handle" scale_factor="65"/>
    </Pieces>
  </CraftedItem>
  <CraftedItem id="cs_rake" name="{=H9hzBJz3}Farming Rake" is_merchandise="false" crafting_template="CS_TwoHandedPolearm" culture="Culture.vlandia">
    <Pieces>
      <Piece id="spear_blade_21" Type="Blade" scale_factor="100" />
      <Piece id="spear_handle_1" Type="Handle" scale_factor="115" />
    </Pieces>
  </CraftedItem>
  <CraftedItem id="cs_peasantrake" name="{=H9hzBJz3}Peasant Rake" is_merchandise="false" crafting_template="CS_TwoHandedPolearm" culture="Culture.vlandia">
    <Pieces>
      <Piece id="spear_blade_30" Type="Blade" scale_factor="100" />
      <Piece id="spear_handle_1" Type="Handle" scale_factor="100" />
    </Pieces>
  </CraftedItem>
  <CraftedItem id="cs_shovel" name="{=H9hzBJz3}Wooden Shovel" is_merchandise="false" crafting_template="CS_TwoHandedPolearm" culture="Culture.vlandia">
    <Pieces>
      <Piece id="spear_blade_28" Type="Blade" scale_factor="100" />
      <Piece id="spear_handle_1" Type="Handle" scale_factor="75" />
    </Pieces>
  </CraftedItem>
  <CraftedItem id="cs_humar_shortsword_t3" name="{=LzqugHen}Humarian Shortsword" crafting_template="CS_OneHandedSword" culture="Culture.khuzait" is_merchandise="false">
    <Pieces>
      <Piece id="aserai_blade_3" Type="Blade" scale_factor="75" /> 
      <Piece id="sturgian_guard_1" Type="Guard" scale_factor="60" />
      <Piece id="sturgian_grip_30" Type="Handle" scale_factor="90" />
      <Piece id="khuzait_pommel_2" Type="Pommel" scale_factor="80" />
    </Pieces>
  </CraftedItem>
  <CraftedItem id="cs_humar_sword_t5" name="{=LzqugHen}Humarian Slashing Sword" crafting_template="CS_OneHandedSword" culture="Culture.khuzait" is_merchandise="false">
    <Pieces>
      <Piece id="khuzait_blade_3" Type="Blade" scale_factor="105" />
      <Piece id="khuzait_guard_8" Type="Guard" scale_factor="60" />
      <Piece id="vlandian_grip_16" Type="Handle" scale_factor="80" />
      <Piece id="khuzait_pommel_2" Type="Pommel" scale_factor="80" />
    </Pieces>
  </CraftedItem>
  <CraftedItem id="cs_humar_shortsword_t5" name="{=LzqugHen}Humarian Ornamental Knife" crafting_template="CS_OneHandedSword" culture="Culture.khuzait" is_merchandise="false">
    <Pieces>
      <Piece id="sturgian_blade_5" Type="Blade" scale_factor="90" />
      <Piece id="khuzait_guard_9" Type="Guard" scale_factor="60" />
      <Piece id="vlandian_noble_grip_4" Type="Handle" scale_factor="110" />
      <Piece id="battania_noble_pommel_1" Type="Pommel" scale_factor="70" />
    </Pieces>
  </CraftedItem>
  <CraftedItem id="cs_humar_2h_sword_t4" name="{=x0x1gIbT}Humarian Hillsword" crafting_template="CS_TwoHandedSword" culture="Culture.khuzait" is_merchandise="false">
    <Pieces>
      <Piece id="khuzait_blade_5" Type="Blade" scale_factor="78" />
      <Piece id="sturgian_guard_6" Type="Guard" scale_factor="60" />
      <Piece id="empire_grip_15" Type="Handle" scale_factor="100" />
      <Piece id="khuzait_pommel_3" Type="Pommel" scale_factor="100" />
    </Pieces>
  </CraftedItem>
  <CraftedItem id="cs_humar_2h_sword_t5" name="{=x0x1gIbT}Humarian Steel Sword" crafting_template="CS_TwoHandedSword" culture="Culture.khuzait" is_merchandise="false">
    <Pieces>
      <Piece id="empire_blade_5" Type="Blade" scale_factor="100" />
      <Piece id="khuzait_guard_9" Type="Guard" scale_factor="60" />
      <Piece id="cleaver_grip_4" Type="Handle" scale_factor="80" />
      <Piece id="vlandian_pommel_7" Type="Pommel" scale_factor="90" />
    </Pieces>
  </CraftedItem>
  <CraftedItem id="cs_eastern_cleaver" name="{=1HWRwbwT}Humarian Falchion" is_merchandise="false" crafting_template="CS_OneHandedSword" culture="Culture.vlandia">
    <Pieces>
      <Piece id="khuzait_noble_blade_4" Type="Blade" scale_factor="70" />
      <Piece id="sturgian_guard_1" Type="Guard" scale_factor="100" />
      <Piece id="sickle_grip_1" Type="Handle" scale_factor="110" />
      <Piece id="khuzait_pommel_2" Type="Pommel" scale_factor="90" />
    </Pieces>
  </CraftedItem>
  <Item id="cs_quick_crossbow" name="{=CPI0wkaZ}Repeating Crossbow" body_name="bo_composite_crossbows" mesh="crossbow_c" culture="Culture.khuzait" weight="2.3" appearance="0.6" Type="Crossbow" difficulty="35" AmmoOffset="0.0, 0.02131, 0.22975" item_holsters="crossbow_back:bow_hip:mace_right_hip:bow_hip_2" holster_position_shift="0.02,0,-0.4" is_merchandise="false">
    <ItemComponent>
      <Weapon weapon_class="Crossbow" ammo_class="Bolt" ammo_limit="3" thrust_speed="92" speed_rating="21" missile_speed="90" weapon_length="95" accuracy="86" thrust_damage="90" thrust_damage_type="Pierce" item_usage="crossbow" physics_material="wood_weapon" center_of_mass="0,0,0.4">
        <WeaponFlags RangedWeapon="true" HasString="true" CantReloadOnHorseback="true" NotUsableWithOneHand="true" TwoHandIdleOnMount="true" />
      </Weapon>
    </ItemComponent>
    <Flags />
  </Item>
  <Item id="cs_largestack_bolt" name="{=JbTCDDb0}Sack of Bolts" body_name="bo_capsule_arrow" holster_body_name="bo_axe_short" mesh="bolt_bl_a" holster_mesh="bolt_bl_a_quiver" holster_mesh_with_weapon="bolt_bl_c_quiver" flying_mesh="bolt_bl_flying" weight="0.05" appearance="1" Type="Bolts" item_holsters="quiver_bolts:quiver_bolts_2:quiver_back_middle:quiver_back_top" is_merchandise="false">
    <ItemComponent>
      <Weapon weapon_class="Bolt" stack_amount="34" thrust_speed="0" thrust_damage_type="Pierce" speed_rating="0" missile_speed="10" weapon_length="37" item_usage="" passby_sound_code="event:/mission/combat/missile/passby" rotation="180, 0, 0" physics_material="missile" sticking_position="0,-0.37,0" sticking_rotation="90,0,0" center_of_mass="0,0,-0.1">
        <WeaponFlags AttachAmmoToVisual="true" Consumable="true" AmmoSticksWhenShot="true" AmmoBreaksOnBounceBack="true" />
      </Weapon>
    </ItemComponent>
    <Flags ForceAttachOffHandPrimaryItemBone="true" />
  </Item>
  <Item id="cs_flaming_arrows" name="{=bK03bqdA}Flaming Arrows" is_merchandise="false" body_name="bo_capsule_arrow" holster_body_name="bo_axe_short" mesh="arrow_bl_i" weight="0.063" appearance="1" flying_mesh="arrow_bl_flying" holster_mesh="arrow_bl_i_quiver" holster_mesh_with_weapon="arrow_bl_i_quiver" Type="Arrows" item_holsters="quiver_back_middle:quiver_bolts:quiver_bolts_2" holster_position_shift="0.0,0.0,0.15">
    <ItemComponent>
      <Weapon weapon_class="Arrow" stack_amount="20" thrust_speed="0" speed_rating="0" physics_material="burning_ballista" missile_speed="6" weapon_length="97" thrust_damage="0" thrust_damage_type="Blunt" item_usage="arrow_right" passby_sound_code="event:/mission/combat/missile/passby" trail_particle_name="psys_game_missile_flame" rotation="0, -80, 25" sticking_position="0,-0.97,0" sticking_rotation="90,0,0" center_of_mass="0,0,-0.13">
        <WeaponFlags Consumable="true" AmmoSticksWhenShot="true" LeavesTrail="true" Burning="true" AmmoBreaksOnBounceBack="true" />
      </Weapon>
    </ItemComponent>
    <Flags />
  </Item>
  <Item id="cs_explosive_arrows" name="{=bK03bqdA}Explosive Arrows" is_merchandise="false" body_name="bo_capsule_arrow" holster_body_name="bo_axe_short" mesh="arrow_bl_i" weight="0.073" appearance="1" flying_mesh="arrow_bl_flying" holster_mesh="arrow_bl_i_quiver" holster_mesh_with_weapon="arrow_bl_i_quiver" Type="Arrows" item_holsters="quiver_back_middle:quiver_bolts:quiver_bolts_2" holster_position_shift="0.0,0.0,0.15">
    <ItemComponent>
      <Weapon weapon_class="Arrow" stack_amount="8" thrust_speed="0" speed_rating="0" physics_material="burning_jar" missile_speed="5" weapon_length="97" thrust_damage="0" thrust_damage_type="Blunt" item_usage="arrow_right" passby_sound_code="event:/mission/combat/missile/passby" trail_particle_name="psys_game_burning_jar_trail" rotation="0, -80, 25" sticking_position="0,-0.97,0" sticking_rotation="90,0,0" center_of_mass="0,0,-0.13">
        <WeaponFlags Consumable="true" AmmoSticksWhenShot="true" CanPenetrateShield="true" LeavesTrail="true" Burning="true" AffectsArea="true" AmmoBreaksOnBounceBack="true" />
      </Weapon>
    </ItemComponent>
    <Flags />
  </Item>
  <CraftedItem id="cs_eastern_dec_glaive" name="{=6hwZwODh}Far-Eastern Decorated Glaive" crafting_template="CS_TwoHandedPolearm" culture="Culture.khuzait" is_merchandise="false">
    <Pieces>
      <Piece id="spear_blade_19" Type="Blade" scale_factor="130" />
      <Piece id="spear_guard_20" Type="Guard" scale_factor="60" />
      <Piece id="spear_handle_24" Type="Handle" scale_factor="90" />
      <Piece id="spear_pommel_9" Type="Pommel" scale_factor="100" />
    </Pieces>
  </CraftedItem>
  <CraftedItem id="cs_humar_glaive" name="{=6hwZwODh}Humarian Glaive" crafting_template="CS_TwoHandedPolearm" culture="Culture.khuzait" is_merchandise="false">
    <Pieces>
      <Piece id="spear_blade_24" Type="Blade" scale_factor="100" />
      <Piece id="spear_guard_17" Type="Guard" scale_factor="100" />
      <Piece id="spear_handle_18" Type="Handle" scale_factor="90" />
      <Piece id="spear_pommel_9" Type="Pommel" scale_factor="100" />
    </Pieces>
  </CraftedItem>
  <CraftedItem id="cs_humar_great_glaive" name="{=6hwZwODh}Humarian War-Glaive" crafting_template="CS_TwoHandedPolearm" culture="Culture.khuzait" is_merchandise="false">
    <Pieces>
      <Piece id="spear_blade_22" Type="Blade" scale_factor="80" />
      <Piece id="spear_guard_9" Type="Guard" scale_factor="100" />
      <Piece id="spear_handle_8" Type="Handle" scale_factor="85" />
      <Piece id="spear_pommel_4" Type="Pommel" scale_factor="100" />
    </Pieces>
  </CraftedItem>
  <CraftedItem id="cs_barbarian_pike" name="{=6hwZwODh}Woodland Pike" crafting_template="CS_Pike" culture="Culture.sturgia" is_merchandise="false">
    <Pieces>
      <Piece id="spear_blade_11" Type="Blade" scale_factor="100" />
      <Piece id="spear_guard_17" Type="Guard" scale_factor="105" />
      <Piece id="cs_barbarian_pike_shaft" Type="Handle" scale_factor="175" />
    </Pieces>
  </CraftedItem>
  <CraftedItem id="cs_whalehunt_harpoon" name="{=6hwZwODh}Whalehunt Harpoon" crafting_template="CS_TwoHandedPolearm" culture="Culture.battania" is_merchandise="false">
    <Pieces>
      <Piece id="spear_blade_10" Type="Blade" scale_factor="100" />
      <Piece id="cs_harpoon_shaft" Type="Handle" scale_factor="75" />
    </Pieces>
  </CraftedItem>
  <CraftedItem id="cs_bamboo_shortspear" name="{=6hwZwODh}Bamboo Shortspear" crafting_template="CS_TwoHandedPolearm" culture="Culture.khuzait" is_merchandise="false">
    <Pieces>
      <Piece id="spear_blade_1" Type="Blade" scale_factor="90" />
      <Piece id="spear_guard_17" Type="Guard" scale_factor="100" />
      <Piece id="spear_handle_3" Type="Handle" scale_factor="80" />
      <Piece id="spear_pommel_9" Type="Pommel" scale_factor="100" />
    </Pieces>
  </CraftedItem>
  <CraftedItem id="cs_eastern_shortspear" name="{=6hwZwODh}Far-Eastern Shortspear" crafting_template="CS_TwoHandedPolearm" culture="Culture.khuzait" is_merchandise="false">
    <Pieces>
      <Piece id="spear_blade_15" Type="Blade" scale_factor="90" />
      <Piece id="spear_guard_18" Type="Guard" scale_factor="100" />
      <Piece id="spear_handle_18" Type="Handle" scale_factor="70" />
      <Piece id="spear_pommel_1" Type="Pommel" scale_factor="100" />
    </Pieces>
  </CraftedItem>
  <CraftedItem id="cs_eastern_spear" name="{=6hwZwODh}Far-Eastern Combat Spear" crafting_template="CS_TwoHandedPolearm" culture="Culture.khuzait" is_merchandise="false">
    <Pieces>
      <Piece id="spear_blade_27" Type="Blade" scale_factor="90" />
      <Piece id="spear_guard_19" Type="Guard" scale_factor="100" /> 
      <Piece id="spear_handle_16" Type="Handle" scale_factor="90" />
      <Piece id="spear_pommel_10" Type="Pommel" scale_factor="100" /> 
    </Pieces>
  </CraftedItem>
  <CraftedItem id="cs_humar_lance" name="{=6hwZwODh}Humarian Lance" crafting_template="CS_TwoHandedPolearm" culture="Culture.khuzait" is_merchandise="false">
    <Pieces>
      <Piece id="spear_blade_23" Type="Blade" scale_factor="110" />
      <Piece id="spear_guard_12" Type="Guard" scale_factor="120" />
      <Piece id="spear_handle_23" Type="Handle" scale_factor="95" /> 
      <Piece id="spear_pommel_10" Type="Pommel" scale_factor="100" />
    </Pieces>
  </CraftedItem>
  <CraftedItem id="cs_bamboo_javelin" name="{=6hwZwODh}Bamboo Javelin" crafting_template="CS_Javelin" culture="Culture.khuzait" is_merchandise="false">
    <Pieces>
      <Piece id="spear_blade_15" Type="Blade" scale_factor="100" />
      <Piece id="default_polearm_guard" Type="Guard" scale_factor="100" />
      <Piece id="cs_bamboo_spear_handle" Type="Handle" scale_factor="70" />
      <Piece id="default_polearm_pommel" Type="Pommel" scale_factor="100" />
    </Pieces>
  </CraftedItem>
  <CraftedItem id="cs_bamboo_humar_spear" name="{=2FubBDYB}Bamboo Spear" crafting_template="CS_TwoHandedPolearm" culture="Culture.khuzait" is_merchandise="false">
    <Pieces>
      <Piece id="spear_blade_23" Type="Blade" scale_factor="90" />
      <Piece id="spear_guard_17" Type="Guard" scale_factor="100" />
      <Piece id="spear_handle_3" Type="Handle" scale_factor="100" />
      <Piece id="spear_pommel_9" Type="Pommel" scale_factor="100" />
    </Pieces>
  </CraftedItem>
  <CraftedItem id="cs_simple_short_spear" name="{=2FubBDYB}Simple Short Spear" crafting_template="CS_TwoHandedPolearm" culture="Culture.empire" is_merchandise="false">
    <Pieces>
      <Piece id="spear_blade_1" Type="Blade" scale_factor="90" />
      <Piece id="spear_handle_1" Type="Handle" scale_factor="80" />
      <Piece id="spear_pommel_1" Type="Pommel" scale_factor="100" />
    </Pieces>
  </CraftedItem>
  <CraftedItem id="cs_bamboo_pike" name="{=2FubBDYB}Bamboo Pike" crafting_template="CS_Pike" culture="Culture.khuzait" is_merchandise="false">
    <Pieces>
      <Piece id="spear_blade_15" Type="Blade" scale_factor="100" />
      <Piece id="spear_guard_17" Type="Guard" scale_factor="100" />
      <Piece id="spear_handle_3" Type="Handle" scale_factor="143" />
    </Pieces>
  </CraftedItem>
  <CraftedItem id="cs_eastern_dec_pike" name="{=2FubBDYB}Humarian Decorated Pike" crafting_template="CS_Pike" culture="Culture.khuzait" is_merchandise="false">
    <Pieces>
      <Piece id="spear_blade_23" Type="Blade" scale_factor="100" />
      <Piece id="spear_guard_19" Type="Guard" scale_factor="100" />
      <Piece id="spear_handle_7" Type="Handle" scale_factor="150" />
    </Pieces>
  </CraftedItem>
  <CraftedItem id="cs_eastern_pike" name="{=2FubBDYB}Humarian Pike" crafting_template="CS_Pike" culture="Culture.khuzait" is_merchandise="false">
    <Pieces>
      <Piece id="spear_blade_23" Type="Blade" scale_factor="100" />
      <Piece id="spear_handle_7" Type="Handle" scale_factor="145" />
    </Pieces>
  </CraftedItem>
  <CraftedItem id="cs_eastern_2h_mace_2" name="{=7jH0kuof}Headcracker" crafting_template="CS_TwoHandedMace" culture="Culture.khuzait" is_merchandise="false">
    <Pieces>
      <Piece id="mace_head_7" Type="Blade" scale_factor="130" />
      <Piece id="mace_handle_15" Type="Handle" scale_factor="120" />
    </Pieces>
  </CraftedItem>
  <Item id="cs_explosive_substance" name="{=1CPdu9K0}Blackpowder Grenades" is_merchandise="false" body_name="bo_throwing_stone" holster_body_name="bo_axe_short" holster_mesh="stone_holster" holster_mesh_with_weapon="stone_holster" mesh="mace_head_6" value="500" weight="0.4" appearance="0.1" Type="Thrown" item_holsters="throwing_stone:throwing_stone_2">
    <ItemComponent>
      <Weapon weapon_class="Stone" ammo_class="Stone" stack_amount="4" physics_material="boulder_stone" accuracy="59" thrust_speed="30" speed_rating="24" missile_speed="15" weapon_length="10" thrust_damage="38" item_usage="stone" trail_particle_name="psys_game_missile_flame" rotation="100,30,20" passby_sound_code="" rotation_speed="0, -3.0, 0">
        <WeaponFlags RangedWeapon="true" Consumable="true" AutoReload="true" UseHandAsThrowBase="true" CanPenetrateShield="true" LeavesTrail="true" Burning="true" AffectsArea="true" AmmoBreaksOnBounceBack="true" />
      </Weapon>
    </ItemComponent>
    <Flags />
  </Item>
  <Item id="cs_bombs" name="{=1CPdu9K0}Bombs" is_merchandise="false" body_name="bo_throwing_stone" holster_body_name="bo_axe_short" holster_mesh="stone_holster" holster_mesh_with_weapon="stone_holster" mesh="mace_head_19" value="3000" weight="0.8" appearance="0.1" Type="Thrown" item_holsters="throwing_stone:throwing_stone_2">
    <ItemComponent>
      <Weapon weapon_class="Stone" ammo_class="Stone" stack_amount="2" physics_material="burning_jar" accuracy="69" thrust_speed="34" speed_rating="20" missile_speed="20" weapon_length="10" thrust_damage="250" item_usage="stone" trail_particle_name="psys_game_missile_flame" rotation="100,30,20" passby_sound_code="" rotation_speed="0, -3.0, 0">
        <WeaponFlags RangedWeapon="true" Consumable="true" AutoReload="true" UseHandAsThrowBase="true" CanPenetrateShield="true" LeavesTrail="true" Burning="true" AffectsArea="true" AmmoBreaksOnBounceBack="true" />
      </Weapon>
    </ItemComponent>
    <Flags />
  </Item>
  <Item id="banner_grand" name="{=WePcpx0u}Grand Banner" body_name="bo_spear_b" shield_body_name="bo_kite_shield_e" recalculate_body="false" mesh="campaign_flag" using_tableau="true" weight="3.0" appearance="1" Type="Shield" item_holsters="polearm_back:polearm_back_2" has_lower_holster_priority="true" holster_position_shift="0,-0.035,-1.1" is_merchandise="false">
    <ItemComponent>
      <Weapon weapon_class="LargeShield" body_armor="1" thrust_speed="75" thrust_damage_type="Blunt" speed_rating="75" item_usage="banner" position="0.0, 0.0, -0.80" rotation="0.0, 0.0, 0.00" physics_material="wood_shield" weapon_length="300" center_of_mass="0.0,0.1,0.1" hit_points="100">
        <WeaponFlags CanBlockRanged="false" HasHitPoints="true" />
      </Weapon>
    </ItemComponent>
    <Flags WoodenParry="true" HeldInOffHand="true" ForceAttachOffHandPrimaryItemBone="true" HasToBeHeldUp="true" />
  </Item>
  <Item id="cs_slinger_stone" name="{=1CPdu9K0}Slinger Stone" is_merchandise="false" body_name="bo_throwing_stone" holster_body_name="bo_axe_short" holster_mesh="stone_holster" holster_mesh_with_weapon="stone_holster" mesh="throwing_stone" value="200" weight="0.1" appearance="0.1" Type="Thrown" item_holsters="throwing_stone:throwing_stone_2">
    <ItemComponent>
      <Weapon weapon_class="Stone" ammo_class="Stone" stack_amount="32" physics_material="missile" accuracy="96" thrust_speed="132" speed_rating="79" missile_speed="66" weapon_length="10" thrust_damage="28" item_usage="stone" rotation="100,30,20" passby_sound_code="event:/mission/combat/missile/passby" rotation_speed="0, -7.0, 0">
        <WeaponFlags RangedWeapon="true" Consumable="true" AutoReload="true" UseHandAsThrowBase="true" AmmoBreaksOnBounceBack="true"/>
      </Weapon>
    </ItemComponent>
    <Flags />
  </Item>
</Items>