<root>

<!-- Religious Factions -->
<DiplomacyData target ="cs_desert_cult">
	<ForceWarPeaceBehaviour>
		<ForcedWarSpecial flag="all" 
			but_0="desert_bandits"
			but_1 = "beni_zilal"/>
	</ForceWarPeaceBehaviour>
	<ForceNoKingdom>true</ForceNoKingdom>
</DiplomacyData>

<DiplomacyData target ="cs_redemptive_order">
	<ForceWarPeaceBehaviour>
		<ForcedWarSpecial flag="all"
		 but_kingdom_0 = "empire" 
		 but_kingdom_1 = "empire_w"
		 but_kingdom_2 = "empire_s"
		 but_kingdom_3 = "battania"
		 but_kingdom_4 = "sturgia"
		 but_kingdom_5 = "vlandia"
		 but_kingdom_6 = "aserai"
		 but_kingdom_7 = "khuzait"
		 but_0 = "skolderbrotva"
		 but_1 = "eleftheroi"
		 but_2 = "cs_manhunters"
		 but_3 = "cs_ko_phoenix"
		 but_4 = "player_faction"/>
	</ForceWarPeaceBehaviour>
	<ForceNoKingdom>true</ForceNoKingdom>
</DiplomacyData>

<DiplomacyData target ="cs_harbingers_of_wrath">
	<ForceWarPeaceBehaviour>
		<ForcedWarSpecial flag="all"/>
	</ForceWarPeaceBehaviour>
	<ForceNoKingdom>true</ForceNoKingdom>
</DiplomacyData>


<!-- Man Hunters -->
<DiplomacyData target ="cs_manhunters">
	<ForceWarPeaceBehaviour>
		<ForcedWarSpecial flag="all"
		 but_kingdom_0 = "empire" 
		 but_kingdom_1 = "empire_w"
		 but_kingdom_2 = "empire_s"
		 but_kingdom_3 = "battania"
		 but_kingdom_4 = "sturgia"
		 but_kingdom_5 = "vlandia"
		 but_kingdom_6 = "aserai"
		 but_kingdom_7 = "khuzait"
		 but_0 = "skolderbrotva"
		 but_1 = "eleftheroi"
		 but_2 = "cs_redemptive_order"
		 but_3 = "player_faction"/>
	</ForceWarPeaceBehaviour>
	<ForceNoKingdom>true</ForceNoKingdom>
</DiplomacyData>

<!-- Enslavers -->
<DiplomacyData target ="cs_southern_enslavers">
	<ForceWarPeaceBehaviour>
		<ForcedWarSpecial flag="all"
		 but_kingdom_0 = "empire_w"
		 but_kingdom_1 = "empire_s"
		 but_kingdom_2 = "aserai"
		 but_kingdom_3 = "khuzait"
		 but_0 = "eleftheroi"
		 />
	</ForceWarPeaceBehaviour>
	<ForceNoKingdom>true</ForceNoKingdom>
</DiplomacyData>

<DiplomacyData target ="cs_northern_liberators">
	<ForceWarPeaceBehaviour>
		<ForcedWarSpecial flag="all"
		 but_kingdom_0 = "empire" 
		 but_kingdom_1 = "battania"
		 but_kingdom_2 = "sturgia"
		 but_kingdom_3 = "vlandia"
		 but_0 = "skolderbrotva"
		 but_1 = "cs_barbarians"
		 but_2 = "player_faction"
		 />
	</ForceWarPeaceBehaviour>
	<ForceNoKingdom>true</ForceNoKingdom>
</DiplomacyData>

<!-- Peasant Revolters -->
<DiplomacyData target ="cs_peasant_revolutionaries">
	<ForceWarPeaceBehaviour>
		<ForcedWarSpecial flag="all"
		 but_0 = "cs_peasant_revolters"
		 but_1 = "cs_barbarians"
		 but_2 = "cs_aserai_deserters"
		 but_3 = "cs_khuzait_deserters"
		 but_4 = "cs_empire_deserters"
		 but_5 = "cs_sturgia_deserters"
		 but_6 = "cs_vlandia_deserters"
		 but_7 = "cs_battania_deserters"
		 but_8 = "cs_united_deserters"
		 />
	</ForceWarPeaceBehaviour>
	<ForceNoKingdom>true</ForceNoKingdom>
</DiplomacyData>

<DiplomacyData target ="cs_peasant_absolutists">
	<ForceWarPeaceBehaviour>
		<ForcedWarSpecial flag="all"
		 but_0 = "cs_peasant_revolters"
		 but_1 = "cs_barbarians"
		 but_2 = "cs_aserai_deserters"
		 but_3 = "cs_khuzait_deserters"
		 but_4 = "cs_empire_deserters"
		 but_5 = "cs_sturgia_deserters"
		 but_6 = "cs_vlandia_deserters"
		 but_7 = "cs_battania_deserters"
		 but_8 = "cs_united_deserters"
		 />
	</ForceWarPeaceBehaviour>
	<ForceNoKingdom>true</ForceNoKingdom>
</DiplomacyData>

<DiplomacyData target ="cs_peasant_revolters">
	<ForceWarPeaceBehaviour>
		<ForcedWarSpecial flag="all"
		 but_0 = "cs_peasant_revolutionaries"
		 but_1 = "cs_peasant_absolutists"
		 but_2 = "cs_barbarians"
		 but_3 = "cs_aserai_deserters"
		 but_4 = "cs_khuzait_deserters"
		 but_5 = "cs_empire_deserters"
		 but_6 = "cs_sturgia_deserters"
		 but_7 = "cs_vlandia_deserters"
		 but_8 = "cs_battania_deserters"
		 but_9 = "cs_united_deserters"
		 />
	</ForceWarPeaceBehaviour>
	<ForceNoKingdom>true</ForceNoKingdom>
</DiplomacyData>

<!-- Barbarians -->
<DiplomacyData target ="cs_barbarians">
	<ForceWarPeaceBehaviour>
		<ForcedWarSpecial flag="all"
		 but_0 = "skolderbrotva"
		 but_1 = "eleftheroi"
		 but_2 = "cs_northern_liberators"
		 but_3 = "cs_peasant_revolters"
		 but_4 = "cs_peasant_revolutionaries"
		 but_5 = "cs_peasant_absolutists"
		 but_6 = "cs_aserai_deserters"
		 but_7 = "cs_khuzait_deserters"
		 but_8 = "cs_empire_deserters"
		 but_9 = "cs_sturgia_deserters"
		 but_10 = "cs_vlandia_deserters"
		 but_11 = "cs_battania_deserters"
		 but_12 = "cs_united_deserters"
		 />
	</ForceWarPeaceBehaviour>
	<ForceNoKingdom>true</ForceNoKingdom>
</DiplomacyData>

<!-- Order of the Phoenix -->
<DiplomacyData target ="cs_ko_phoenix">
	<ForceWarPeaceBehaviour>
		<ForcedWarSpecial flag="all"
		 but_kingdom_0 = "vlandia" 
		 but_0 = "skolderbrotva"
		 but_1 = "cs_redemptive_order"
		 but_2 = "player_faction"
		 />
	</ForceWarPeaceBehaviour>
	<ForceNoKingdom>true</ForceNoKingdom>
</DiplomacyData>

<!-- Makko -->
<DiplomacyData target ="cs_makko">
	<ForceWarPeaceBehaviour>
		<ForcedWarSpecial flag="all"/>
	</ForceWarPeaceBehaviour>
	<ForceNoKingdom>true</ForceNoKingdom>
</DiplomacyData>

<!-- Humar -->
<DiplomacyData target ="cs_humar">
	<ForceWarPeaceBehaviour>
		<ForcedWarSpecial flag="all"/>
	</ForceWarPeaceBehaviour>
	<ForceNoKingdom>true</ForceNoKingdom>
</DiplomacyData>

<!-- Madmen -->
<DiplomacyData target ="cs_madmen">
	<ForceWarPeaceBehaviour>
		<ForcedWarSpecial flag="all"/>
	</ForceWarPeaceBehaviour>
	<ForceNoKingdom>true</ForceNoKingdom>
</DiplomacyData>

<!-- Deserters -->
<DiplomacyData target ="cs_battania_deserters">
	<ForceWarPeaceBehaviour>
		<ForcedWarSpecial flag="all"
		 but_0 = "cs_peasant_revolters"
		 but_1 = "cs_peasant_revolutionaries"
		 but_2 = "cs_peasant_absolutists"
		 but_3 = "cs_barbarians"
		 but_4 = "cs_united_deserters"
		 />
	</ForceWarPeaceBehaviour>
	<ForceNoKingdom>true</ForceNoKingdom>
</DiplomacyData>

<DiplomacyData target ="cs_vlandia_deserters">
	<ForceWarPeaceBehaviour>
		<ForcedWarSpecial flag="all"
		 but_0 = "cs_peasant_revolters"
		 but_1 = "cs_peasant_revolutionaries"
		 but_2 = "cs_peasant_absolutists"
		 but_3 = "cs_barbarians"
		 but_4 = "cs_united_deserters"
		 />
	</ForceWarPeaceBehaviour>
	<ForceNoKingdom>true</ForceNoKingdom>
</DiplomacyData>

<DiplomacyData target ="cs_sturgia_deserters">
	<ForceWarPeaceBehaviour>
		<ForcedWarSpecial flag="all"
		 but_0 = "cs_peasant_revolters"
		 but_1 = "cs_peasant_revolutionaries"
		 but_2 = "cs_peasant_absolutists"
		 but_3 = "cs_barbarians"
		 but_4 = "cs_united_deserters"
		 />
	</ForceWarPeaceBehaviour>
	<ForceNoKingdom>true</ForceNoKingdom>
</DiplomacyData>

<DiplomacyData target ="cs_empire_deserters">
	<ForceWarPeaceBehaviour>
		<ForcedWarSpecial flag="all"
		 but_0 = "cs_peasant_revolters"
		 but_1 = "cs_peasant_revolutionaries"
		 but_2 = "cs_peasant_absolutists"
		 but_3 = "cs_barbarians"
		 but_4 = "cs_united_deserters"
		 />
	</ForceWarPeaceBehaviour>
	<ForceNoKingdom>true</ForceNoKingdom>
</DiplomacyData>

<DiplomacyData target ="cs_khuzait_deserters">
	<ForceWarPeaceBehaviour>
		<ForcedWarSpecial flag="all"
		 but_0 = "cs_peasant_revolters"
		 but_1 = "cs_peasant_revolutionaries"
		 but_2 = "cs_peasant_absolutists"
		 but_3 = "cs_barbarians"
		 but_4 = "cs_united_deserters"
		 />
	</ForceWarPeaceBehaviour>
	<ForceNoKingdom>true</ForceNoKingdom>
</DiplomacyData>

<DiplomacyData target ="cs_aserai_deserters">
	<ForceWarPeaceBehaviour>
		<ForcedWarSpecial flag="all"
		 but_0 = "cs_peasant_revolters"
		 but_1 = "cs_peasant_revolutionaries"
		 but_2 = "cs_peasant_absolutists"
		 but_3 = "cs_barbarians"
		 but_4 = "cs_united_deserters"
		 />
	</ForceWarPeaceBehaviour>
	<ForceNoKingdom>true</ForceNoKingdom>
</DiplomacyData>

<DiplomacyData target ="cs_united_deserters">
	<ForceWarPeaceBehaviour>
		<ForcedWarSpecial flag="all"
		 but_0 = "cs_peasant_revolters"
		 but_1 = "cs_peasant_revolutionaries"
		 but_2 = "cs_peasant_absolutists"
		 but_3 = "cs_barbarians"
		 but_4 = "cs_aserai_deserters"
		 but_5 = "cs_khuzait_deserters"
		 but_6 = "cs_empire_deserters"
		 but_7 = "cs_sturgia_deserters"
		 but_8 = "cs_vlandia_deserters"
		 but_9 = "cs_battania_deserters"
		 />
	</ForceWarPeaceBehaviour>
	<ForceNoKingdom>true</ForceNoKingdom>
</DiplomacyData>
</root>