 <Module>
     <Name value="CustomSpawns Clean API"/>
     <Id value="CustomSpawnsCleanAPI"/>
     <Version value="v1.4.3"/>
     <SingleplayerModule value="true"/>
     <MultiplayerModule value="false"/>
     <DependedModules>
         <DependedModule Id="Native" DependentVersion = "e1.5.6"/>
         <DependedModule Id="SandBoxCore" DependentVersion = "e1.5.6"/>
         <DependedModule Id="Sandbox" DependentVersion = "e1.5.6"/>
         <DependedModule Id="CustomBattle" DependentVersion = "e1.5.6"/>
         <DependedModule Id="StoryMode" DependentVersion = "e1.5.6"/>
     </DependedModules>
     <SubModules>
        <SubModule>
             <Name value="CustomSpawns"/>
             <DLLName value="CustomSpawns.dll"/>
             <SubModuleClassType value="CustomSpawns.Main"/>
             <Tags>
                 <Tag key="DedicatedServerType" value="none" />
                 <Tag key="IsNoRenderModeElement" value="false" />
             </Tags>
         </SubModule>
     </SubModules>
     <Xmls>
     </Xmls>
 </Module>